beta	counts	v_beta	j_beta
CASSGGPNTGQLYF	1	TCRBV13-02	TCRBJ02-02
CASSGGANTGQLYF	1	TCRBV13-02	TCRBJ02-02
CASSGKQNTSQFTF	1	TCRBV13-02	TCRBJ02-02
CASSLKQGRSDYTF	1	TCRBV29-01	TCRBJ01-02
CGARDHRGSQYF	1	TCRBV20-01	TCRBJ02-07
CASSLARDEQYF	1	TCRBV16-01	TCRBJ02-07
CASGQDRRNSYNSPLYF	1	TCRBV02-01	TCRBJ01-06
CASSQDRRNSYNSPLYF	1	TCRBV02-01	TCRBJ01-06
CASSGGANTGQLYF	1	TCRBV13-02	TCRBJ02-02
CASSQDRRNSYNSPLYF	1	TCRBV02-01	TCRBJ01-06
CASSQDRRNSYNSPLYF	1	TCRBV02-01	TCRBJ01-06
CASSGGSNTGQLYF	1	TCRBV13-02	TCRBJ02-02
CASSFVLNNQAPLF	1	TCRBV16-01	TCRBJ01-05
CASSDHRNTEVFF	1	TCRBV13-02	TCRBJ01-01
CASRDFSQNTLYF	1	TCRBV19-03	TCRBJ02-04
CASSRDQAGYAEQFF	1	TCRBV17-01	TCRBJ02-01
CASRDWESSYEQYF	1	TCRBV13-01	TCRBJ02-07
CASKAGGSTGQLYF	1	TCRBV13-02	TCRBJ02-02
CASSLTAISNERLFF	1	TCRBV16-01	TCRBJ01-04
CASSQDRRNSYNSPLYF	1	TCRBV02-01	TCRBJ01-06
CASRDWESSYEQYF	1	TCRBV13-01	TCRBJ02-07
CASSQDRRNSYNSPLYF	1	TCRBV02-01	TCRBJ01-06
CASSQDRRNSYNSPLYF	1	TCRBV02-01	TCRBJ01-06
CASSPWGGADQNTLYF	1	TCRBV05-04	TCRBJ02-04
CASGEDWGKDTQYF	1	TCRBV13-01	TCRBJ02-05
CASSRDWGDAEQFF	1	TCRBV05-04	TCRBJ02-01
CASSDHRNTEVFF	1	TCRBV13-02	TCRBJ01-01
CASSQDLGGRYEQYF	1	TCRBV05-01	TCRBJ02-07
CASRDWESSYEQYF	1	TCRBV13-01	TCRBJ02-07
CASSQGLGGRGEQYF	1	TCRBV05-04	TCRBJ02-07
CLSIQDRRVSYNSPLYF	1	TCRBV02-01	TCRBJ01-06
CASSGGSNTGQLYF	1	TCRBV13-02	TCRBJ02-02
CASSQEDWGSAETLYF	1	TCRBV05-01	TCRBJ02-03
CASSGGQGNYAEQFF	1	TCRBV13-02	TCRBJ02-01
CASSTRGAEQFF	1	TCRBV12-02	TCRBJ02-01
CTCSADYRNSYNSPLYF	1	TCRBV01-01	TCRBJ01-06
CASSARTANTEVFF	1	TCRBV13-02	TCRBJ01-01
CASSGDSAETLYF	1	TCRBV15-01	TCRBJ02-03
CASSRDSAETLYF	1	TCRBV15-01	TCRBJ02-03
CTCSAASGSNSDYTF	1	TCRBV01-01	TCRBJ01-02
CASSQDRRNSYNSPLYF	1	TCRBV02-01	TCRBJ01-06
CASSGGSNTGQLYF	1	TCRBV13-02	TCRBJ02-02
CASSGGANTGQLYF	1	TCRBV13-02	TCRBJ02-02
CASSARTANTEVFF	1	TCRBV13-02	TCRBJ01-01
CASSGGGRTGQLYF	1	TCRBV13-02	TCRBJ02-02
CASSGGANTGQLYF	1	TCRBV13-02	TCRBJ02-02
CASSGGSNTGQLYF	1	TCRBV13-02	TCRBJ02-02
CASSQDRRNSYNSPLYF	1	TCRBV02-01	TCRBJ01-06
CASSGGANTGQLYF	1	TCRBV13-02	TCRBJ02-02
CASSQDLGGTYEQYF	1	TCRBV05-01	TCRBJ02-07
CASSGGANTGQLYF	1	TCRBV13-02	TCRBJ02-02
CASSDSGNTEVFF	1	TCRBV13-01	TCRBJ01-01
CAWSHTGGARNTLYF	1	TCRBV31-01	TCRBJ02-04
CTCSADRRDSYNSPLYF	1	TCRBV01-01	TCRBJ01-06
CASSGGANTGQLYF	1	TCRBV13-02	TCRBJ02-02
CASSPGPSSYEQYF	1	TCRBV12-01	TCRBJ02-07
CASSGGGNTGQLYF	1	TCRBV13-02	TCRBJ02-02
CASSQDRRNSYNSPLYF	1	TCRBV02-01	TCRBJ01-06
CGARDGGGEQYF	1	TCRBV20-01	TCRBJ02-07
CASSQDRRNSYNSPLYF	1	TCRBV02-01	TCRBJ01-06
CASRGGANTGQLYF	1	TCRBV13-02	TCRBJ02-02
CAWSHTGGARNTLYF	1	TCRBV31-01	TCRBJ02-04
CASSGGANTGQLYF	1	TCRBV13-02	TCRBJ02-02
CASSGGGNTGQLYF	1	TCRBV13-02	TCRBJ02-02
CASSLSGRGNSPLYF	1	TCRBV29-01	TCRBJ01-06
CAWSPGQGATRVFF	1	TCRBV31-01	TCRBJ01-01
CASSGGANTGQLYF	1	TCRBV13-02	TCRBJ02-02
CASSGGSNTGQLYF	1	TCRBV13-02	TCRBJ02-02
CASSGGANTGQLYF	1	TCRBV13-02	TCRBJ02-02
CASSGGSNTGQLYF	1	TCRBV13-02	TCRBJ02-02
CASSGGSNTGQLYF	1	TCRBV13-02	TCRBJ02-02
CASSDSRNTEVFF	1	TCRBV13-02	TCRBJ01-01
CASSGGSNTGQLYF	1	TCRBV13-02	TCRBJ02-02
CASKGGGNTGQLYF	1	TCRBV13-02	TCRBJ02-02
CASSGGSNTGQLYF	1	TCRBV13-02	TCRBJ02-02
CASSLDWGANTGQLYF	1	TCRBV03-01	TCRBJ02-02
CASSQDRRNSYNSPLYF	1	TCRBV02-01	TCRBJ01-06
CASGDGGYEQYF	1	TCRBV13-04	TCRBJ02-07
CASSPGLGGEQDTQYF	1	TCRBV19-03	TCRBJ02-05
CASKGGANTGQLYF	1	TCRBV13-02	TCRBJ02-02
CASSPRVANTEVFF	1	TCRBV13-02	TCRBJ01-01
CASSDRGEQYF	1	TCRBV03-01	TCRBJ02-07
CASSQESLPSNERLFF	1	TCRBV02-01	TCRBJ01-04
CASGEQYF	1	TCRBV13-04	TCRBJ02-07
CASSIVGGGAETLYF	1	TCRBV19-01	TCRBJ02-03
CASSVARDEQYF	1	TCRBV16-01	TCRBJ02-07
CASSSRTGSYAEQFF	1	TCRBV12-02	TCRBJ02-01
CASSDAATSEVFF	1	TCRBV13-02	TCRBJ01-01
CTCSADWRNSYNSPLYF	1	TCRBV01-01	TCRBJ01-06
CASSQEDWGQNTLYF	1	TCRBV02-01	TCRBJ02-04
CASSGGSNTGQLYF	1	TCRBV13-02	TCRBJ02-02
CASRRTGGNAEQFF	1	TCRBV13-01	TCRBJ02-01
CASSPRKQLYF	1	TCRBV14-01	TCRBJ02-02
CASSQDRRNSYNSPLYF	1	TCRBV02-01	TCRBJ01-06
CASSDNSQNTLYF	1	TCRBV13-01	TCRBJ02-04
CASSGGSNTGQLYF	1	TCRBV13-02	TCRBJ02-02
CASSGGANTGQLYF	1	TCRBV13-02	TCRBJ02-02
CASSQDLGGVYEQYF	1	TCRBV05-01	TCRBJ02-07
CASSGGANTGQLYF	1	TCRBV13-02	TCRBJ02-02
CASSDHRTTEVFF	1	TCRBV13-02	TCRBJ01-01
CASSGGANTGQLYF	1	TCRBV13-02	TCRBJ02-02
CAWRPTASYEQYF	1	TCRBV31-02	TCRBJ02-07
CASSGGGNTGQLYF	1	TCRBV13-02	TCRBJ02-02
CASSGGANTGQLYF	1	TCRBV13-02	TCRBJ02-02
CASSQDLGGVYEQYF	1	TCRBV05-01	TCRBJ02-07
CASSDSKNTEVFF	1	TCRBV13-02	TCRBJ01-01
CASSDSKNTEVFF	1	TCRBV13-02	TCRBJ01-01
CASSGGGNTGQLYF	1	TCRBV13-02	TCRBJ02-02
CASSQDQGAPERLFF	1	TCRBV05-01	TCRBJ01-04
CASSLARDEQYF	1	TCRBV16-01	TCRBJ02-07
CASSDSAATEVFF	1	TCRBV13-02	TCRBJ01-01
CASSGGGNTGQLYF	1	TCRBV13-02	TCRBJ02-02
CASSPGPSSYEQYF	1	TCRBV12-01	TCRBJ02-07
CASSLGPSSYEQYF	1	TCRBV12-01	TCRBJ02-07
CASSDVGGKTEVFF	1	TCRBV13-02	TCRBJ01-01
CASSQDLGGVYEQYF	1	TCRBV05-01	TCRBJ02-07
CASSLRGLSQNTLYF	1	TCRBV05-04	TCRBJ02-04
CASSLTPGQGERNTEVFF	1	TCRBV16-01	TCRBJ01-01
CASSGGANTGQLYF	1	TCRBV13-02	TCRBJ02-02
CASSDAASTEVFF	1	TCRBV13-02	TCRBJ01-01
CASSQDRRNSYNSPLYF	1	TCRBV02-01	TCRBJ01-06
CASSRARDEQYF	1	TCRBV16-01	TCRBJ02-07
CASSLARNEQYF	1	TCRBV16-01	TCRBJ02-07
CASSGGSNTGQLYF	1	TCRBV13-02	TCRBJ02-02
CASSGGSNTGQLYF	1	TCRBV13-02	TCRBJ02-02
CASSTRDRRSQNTLYF	1	TCRBV26-01	TCRBJ02-04
CASSQDRRNSYNSPLYF	1	TCRBV02-01	TCRBJ01-06
CGAREGTRNTEVFF	1	TCRBV20-01	TCRBJ01-01
CASSRARDEQYF	1	TCRBV16-01	TCRBJ02-07
CASSGGGNTGQLYF	1	TCRBV13-02	TCRBJ02-02
CASSGGANTGQLYF	1	TCRBV13-02	TCRBJ02-02
CASRQGYEQYF	1	TCRBV04-01	TCRBJ02-07
CASSRGLGGINTGQLYF	1	TCRBV02-01	TCRBJ02-02
CASSPSRATEVFF	1	TCRBV05-04	TCRBJ01-01
CASSGGSNTGQLYF	1	TCRBV13-02	TCRBJ02-02
CASSGGSNTGQLYF	1	TCRBV13-02	TCRBJ02-02
CASSWDRGEQYF	1	TCRBV12-02	TCRBJ02-07
CASSRDLSGNYAEQFF	1	TCRBV17-01	TCRBJ02-01
CASSSGTGVVEQYF	1	TCRBV04-01	TCRBJ02-07
CASSQDRRNSYNSPLYF	1	TCRBV02-01	TCRBJ01-06
CASSPGPTNERLFF	1	TCRBV05-04	TCRBJ01-04
CASSQERGSGNTLYF	1	TCRBV02-01	TCRBJ01-03
CASSGGGNTGQLYF	1	TCRBV13-02	TCRBJ02-02
CASSQDRRNSYNSPLYF	1	TCRBV02-01	TCRBJ01-06
CASSRTAPNERLFF	1	TCRBV04-01	TCRBJ01-04
CASSGGANTGQLYF	1	TCRBV13-02	TCRBJ02-02
CASSGGSNTGQLYF	1	TCRBV13-02	TCRBJ02-02
CASSDHRRTEVFF	1	TCRBV13-01	TCRBJ01-01
CASSGGANTGQLYF	1	TCRBV13-02	TCRBJ02-02
CASSQDRRNSYNSPLYF	1	TCRBV02-01	TCRBJ01-06
CASSGGANTGQLYF	1	TCRBV13-02	TCRBJ02-02
CASSRRLGGLGAEQFF	1	TCRBV17-01	TCRBJ02-01
CASKGGSNTGQLYF	1	TCRBV13-02	TCRBJ02-02
CASSGGSNTGQLYF	1	TCRBV13-02	TCRBJ02-02
CASSGGANTGQLYF	1	TCRBV13-02	TCRBJ02-02
CASSGGSNTGQLYF	1	TCRBV13-02	TCRBJ02-02
CASRPWGGYEQYF	1	TCRBV04-01	TCRBJ02-07
CASRDSANTEVFF	1	TCRBV13-02	TCRBJ01-01
CASADNYNSPLYF	1	TCRBV13-02	TCRBJ01-06
CASSGGSNTGQLYF	1	TCRBV13-02	TCRBJ02-02
CASSGGANTGQLYF	1	TCRBV13-02	TCRBJ02-02
CASSLARDEQYF	1	TCRBV16-01	TCRBJ02-07
CASKGGSNTGQLYF	1	TCRBV13-02	TCRBJ02-02
CASRDSANTEVFF	1	TCRBV13-02	TCRBJ01-01
CASSDERGRDQDTQYF	1	TCRBV13-02	TCRBJ02-05
CASSLGPSSYEQYF	1	TCRBV12-01	TCRBJ02-07
CASSQDRVRYEQYF	1	TCRBV05-01	TCRBJ02-07
CASSQDLGGLYEQYF	1	TCRBV05-01	TCRBJ02-07
CASRGGGNTGQLYF	1	TCRBV13-02	TCRBJ02-02
CASSQDLGGVYEQYF	1	TCRBV05-01	TCRBJ02-07
CASSPWGGARAEQFF	1	TCRBV19-03	TCRBJ02-01
CASSQDMGGRSYEQYF	1	TCRBV05-01	TCRBJ02-07
CASSLARDEQYF	1	TCRBV16-01	TCRBJ02-07
CASSGGANTGQLYF	1	TCRBV13-02	TCRBJ02-02
CASSQVINSGNTLYF	1	TCRBV05-01	TCRBJ01-03
CASSEGKEVFF	1	TCRBV13-01	TCRBJ01-01
CTCSTRASNTEVFF	1	TCRBV01-01	TCRBJ01-01
CASSHDRRNSYNSPLYF	1	TCRBV02-01	TCRBJ01-06
CASSPGPSSYEQYF	1	TCRBV12-01	TCRBJ02-07
CASSHDRRNSYNSPLYF	1	TCRBV02-01	TCRBJ01-06
CASSHDRRNSYNSPLYF	1	TCRBV02-01	TCRBJ01-06
CASSGGSNTGQLYF	1	TCRBV13-02	TCRBJ02-02
CASSQDRRNSYNSPLYF	1	TCRBV02-01	TCRBJ01-06
CASSGGGNTGQLYF	1	TCRBV13-02	TCRBJ02-02
CASSDHRNTEVFF	1	TCRBV13-02	TCRBJ01-01
CASSGGSNTGQLYF	1	TCRBV13-02	TCRBJ02-02
CASSGGSNTGQLYF	1	TCRBV13-02	TCRBJ02-02
CASRGGGHTGQLYF	1	TCRBV13-02	TCRBJ02-02
CASGETAGNTLYF	1	TCRBV13-01	TCRBJ01-03
CASSLWASSYEQYF	1	TCRBV12-01	TCRBJ02-07
CASSGGSNTGQLYF	1	TCRBV13-02	TCRBJ02-02
CASRDSANTEVFF	1	TCRBV13-02	TCRBJ01-01
CASGETAGNTLYF	1	TCRBV13-04	TCRBJ01-03
CASSGGSNTGQLYF	1	TCRBV13-02	TCRBJ02-02
CASSDARTTEVFF	1	TCRBV13-02	TCRBJ01-01
CASSDNYNSPLYF	1	TCRBV13-02	TCRBJ01-06
CASSQDSYANTEVFF	1	TCRBV02-01	TCRBJ01-01
CAWSLGTGISDYTF	1	TCRBV31-01	TCRBJ01-02
CASSPEQRSSGNTLYF	1	TCRBV12-01	TCRBJ01-03
CASRGGGNTGQLYF	1	TCRBV13-02	TCRBJ02-02
CASSLDRRNSYNSPLYF	1	TCRBV12-01	TCRBJ01-06
CASSQDRRSSYNSPLYF	1	TCRBV02-01	TCRBJ01-06
CASSRGPSSYEQYF	1	TCRBV12-02	TCRBJ02-07
CASSGGANTGQLYF	1	TCRBV13-02	TCRBJ02-02
CASSLDRRNSYNSPLYF	1	TCRBV12-01	TCRBJ01-06
CASSDWGGKDTQYF	1	TCRBV16-01	TCRBJ02-05
CASRGGSNTGQLYF	1	TCRBV13-02	TCRBJ02-02
CASSIFRGRRTLYF	1	TCRBV19-01	TCRBJ02-03
CASSGGQGNSPLYF	1	TCRBV13-02	TCRBJ01-06
CASSQDRTGEYEQYF	1	TCRBV02-01	TCRBJ02-07
CASSLKRGGYAEQFF	1	TCRBV03-01	TCRBJ02-01
CASSRDRSYEQYF	1	TCRBV17-01	TCRBJ02-07
CASSPGPSSYEQYF	1	TCRBV12-01	TCRBJ02-07
CASSQDRRNSYNSPLYF	1	TCRBV02-01	TCRBJ01-06
CASSLADWGGRSSYEQYF	1	TCRBV16-01	TCRBJ02-07
CASSGGSNTGQLYF	1	TCRBV13-02	TCRBJ02-02
CASSGGANTGQLYF	1	TCRBV13-02	TCRBJ02-02
CASGADSAETLYF	1	TCRBV13-04	TCRBJ02-03
CASSGGANTGQLYF	1	TCRBV13-02	TCRBJ02-02
CGARDRDWGQNTLYF	1	TCRBV20-01	TCRBJ02-04
CASSLARDEQYF	1	TCRBV16-01	TCRBJ02-07
CASSLDRRNSYNSPLYF	1	TCRBV12-01	TCRBJ01-06
CASNSGTEVFF	1	TCRBV13-01	TCRBJ01-01
CASKGGGGTGQLYF	1	TCRBV13-02	TCRBJ02-02
CASSQDMGGYSYEQYF	1	TCRBV05-01	TCRBJ02-07
CASSLKRGGYAEQFF	1	TCRBV03-01	TCRBJ02-01
CASSDARTTEVFF	1	TCRBV13-02	TCRBJ01-01
CGARDGGGEQYF	1	TCRBV20-01	TCRBJ02-07
CASSGGANTGQLYF	1	TCRBV13-02	TCRBJ02-02
CASSGGSNTGQLYF	1	TCRBV13-02	TCRBJ02-02
CASSGGANTGQLYF	1	TCRBV13-02	TCRBJ02-02
CASKGGSNTGQLYF	1	TCRBV13-02	TCRBJ02-02
CGARGLGRAEQFF	1	TCRBV20-01	TCRBJ02-01
CASSLGGQKNTLYF	1	TCRBV16-01	TCRBJ02-04
CASSGGGNTGQLYF	1	TCRBV13-02	TCRBJ02-02
CTCSADYRNSYNSPLYF	1	TCRBV01-01	TCRBJ01-06
CASSGGGNTGQLYF	1	TCRBV13-02	TCRBJ02-02
CTCSADYRNSYNSPLYF	1	TCRBV01-01	TCRBJ01-06
CAWSLAGYEQYF	1	TCRBV31-01	TCRBJ02-07
CTCSADYRNSYNSPLYF	1	TCRBV01-01	TCRBJ01-06
CGARDGGGEVFF	1	TCRBV20-01	TCRBJ01-01
CTCSADYRNSYNSPLYF	1	TCRBV01-01	TCRBJ01-06
CASSQDRRNSYNSPLYF	1	TCRBV02-01	TCRBJ01-06
CASSILGGGAETLYF	1	TCRBV19-01	TCRBJ02-03
CGARDGGGEVFF	1	TCRBV20-01	TCRBJ01-01
CTCSGWESSYEQYF	1	TCRBV01-01	TCRBJ02-07
CGARDGGGEVFF	1	TCRBV20-01	TCRBJ01-01
CTCSGWESSYEQYF	1	TCRBV01-01	TCRBJ02-07
CASSLWGGNEQYF	1	TCRBV12-01	TCRBJ02-07
CASRGGANTGQLYF	1	TCRBV13-02	TCRBJ02-02
CASSGGANTGQLYF	1	TCRBV13-02	TCRBJ02-02
CASSLGDSLYNSPLYF	1	TCRBV12-01	TCRBJ01-06
CASSGGGNTGQLYF	1	TCRBV13-02	TCRBJ02-02
CTCSADYRNSYNSPLYF	1	TCRBV01-01	TCRBJ01-06
CGARDGGGEVFF	1	TCRBV20-01	TCRBJ01-01
CASSGGANTGQLYF	1	TCRBV13-02	TCRBJ02-02
CASSGGANTGQLYF	1	TCRBV13-02	TCRBJ02-02
CASNDNYNSPLYF	1	TCRBV13-02	TCRBJ01-06
CASSSWGGARAEQFF	1	TCRBV16-01	TCRBJ02-01
CASSILGGGAETLYF	1	TCRBV19-01	TCRBJ02-03
CASSGGSNTGQLYF	1	TCRBV13-02	TCRBJ02-02
CASSGGANTGQLYF	1	TCRBV13-02	TCRBJ02-02
CASSQDRRNSYNSPLYF	1	TCRBV02-01	TCRBJ01-06
CASSGGANTGQLYF	1	TCRBV13-02	TCRBJ02-02
CASSQDRRNSYNSPLYF	1	TCRBV02-01	TCRBJ01-06
CASSQDLGGRYEQYF	1	TCRBV05-01	TCRBJ02-07
CASSQDRRNSYNSPLYF	1	TCRBV02-01	TCRBJ01-06
CASSQDRRSSYNSPLYF	1	TCRBV02-01	TCRBJ01-06
CASSGGALTGQLYF	1	TCRBV13-02	TCRBJ02-02
CASRDSANTEVFF	1	TCRBV13-01	TCRBJ01-01
CASRGGARTGQLYF	1	TCRBV13-02	TCRBJ02-02
CASRGGANTGQLYF	1	TCRBV13-02	TCRBJ02-02
CASRDSANTEVFF	1	TCRBV13-02	TCRBJ01-01
CASKGGANTGQLYF	1	TCRBV13-02	TCRBJ02-02
CASSPGPSSYEQYF	1	TCRBV12-01	TCRBJ02-07
CASSETGRRTEVFF	1	TCRBV13-02	TCRBJ01-01
CASSLARDTQYF	1	TCRBV16-01	TCRBJ02-05
CASSDATKTEVFF	1	TCRBV13-02	TCRBJ01-01
CASSGGSNTGQLYF	1	TCRBV13-02	TCRBJ02-02
CASSGGANTGQLYF	1	TCRBV13-02	TCRBJ02-02
CASSWGGRSSDYTF	1	TCRBV29-01	TCRBJ01-02
CASSLGTGGIQNTLYF	1	TCRBV24-02	TCRBJ02-04
CASSGGAHTGQLYF	1	TCRBV13-02	TCRBJ02-02
CASSHSRGQVDTQYF	1	TCRBV02-01	TCRBJ02-05
CASSPRVFNQAPLF	1	TCRBV05-04	TCRBJ01-05
CASSGGANTGQLYF	1	TCRBV13-02	TCRBJ02-02
CASSDHRGTEVFF	1	TCRBV13-01	TCRBJ01-01
CASSGGANTGQLYF	1	TCRBV13-02	TCRBJ02-02
CASRGGANTGQLYF	1	TCRBV13-02	TCRBJ02-02
CASSQDLGGRYEQYF	1	TCRBV05-01	TCRBJ02-07
CASSGGSNTGQLYF	1	TCRBV13-02	TCRBJ02-02
CASSFGAANTEVFF	1	TCRBV16-01	TCRBJ01-01
CASSLWRDTLYF	1	TCRBV26-01	TCRBJ02-04
CASSQDRRNSYNSPLYF	1	TCRBV02-01	TCRBJ01-06
CASSGGSNTGQLYF	1	TCRBV13-02	TCRBJ02-02
CASSFGAANTEVFF	1	TCRBV16-01	TCRBJ01-01
CASSLWRDTLYF	1	TCRBV26-01	TCRBJ02-04
CASSGGGNTGQLYF	1	TCRBV13-02	TCRBJ02-02
CASSGGGNTGQLYF	1	TCRBV13-02	TCRBJ02-02
CASSSSGRDTQYF	1	TCRBV04-01	TCRBJ02-05
CASFPDRRNSYNSPLYF	1	TCRBV12-02	TCRBJ01-06
CASSGGGNTGQLYF	1	TCRBV13-02	TCRBJ02-02
CASSGGSNTGQLYF	1	TCRBV13-02	TCRBJ02-02
CASSGGSNTGQLYF	1	TCRBV13-02	TCRBJ02-02
CASSGGSNTGQLYF	1	TCRBV13-02	TCRBJ02-02
