aminoAcid	counts	v_beta	j_beta
CASSPVTGGIYGYTF	1		
CASRPDGRETQYF	1	TCRBV12-03	
CASSETGFGNQPQHF	1	TCRBV25-01	
CASSLAPGATNEKLFF	1	TCRBV07-06	
CASSLAPGTTNEKLFF	1	TCRBV07-06	
CASSLGMFNTEAFF	1		
CASSNLPGTVEAFF	1	TCRBV06-02	
CASSPRQSNQPQHF	1		
CASSQDISRGQTLFGNSPLHF	1	TCRBV04-03	
CASSQTGFGNQPQHF	1	TCRBV25-01	
CASSSETTSPLHF	1	TCRBV07-03	
CASSSVNEQYF	1	TCRBV12-03	
CSAREEGTQAWETQYF	1	TCRBV20-01	
CASSDRETYEQYF	1	TCRBV06-02	
CASSFSTGYADGYTF	1	TCRBV12-03	
CASSYFRDRVGDQPQHF	1	TCRBV07-06	
CASSYSSSTGELFF	1	TCRBV06-02	
CSAFDREGVDGYTF	1	TCRBV20-01	
CASSETGGNQPQHF	1	TCRBV07-03	
CASSLAPGATNEKLFF	1	TCRBV07-06	
CASSLEGFTEAFF	1		TCRBJ01-01
CASSSANYGYTF	1	TCRBV12-03	
CASSVVERAFF	1	TCRBV12-03	
CAIRDKMNTEAFF	1	TCRBV10-03	
CAISAGTGVRNEQYF	1	TCRBV10-03	
CAISDGGRTDTYEQYF	1	TCRBV10-03	
CAISESYEQYF	1	TCRBV10-03	
CASGLTSGLAGGRGNEQFF	1	TCRBV12-05	
CASMGGSNEQFF	1		
CASRDTSGTAYEQYF	1	TCRBV06-05	
CASREDGTEAFF	1	TCRBV06-01	
CASRSEETQYF	1		
CASSFGLAGVEDTQYF	1		
CASSFLQGNQPQHF	1	TCRBV07-02	
CASSFTSRGTGELFF	1		
CASSFYGYSNQPQHF	1	TCRBV07-02	
CASSGTNSPLHF	1		
CASSHEVYYEQYF	1	TCRBV04-03	
CASSIVPMFGEQYF	1		
CASSLAQVDQYF	1	TCRBV07-02	
CASSLARGGLGEQYF	1	TCRBV05-04	
CASSLASPETQYF	1	TCRBV07-09	
CASSLAVGEDGSPLHF	1	TCRBV07-06	
CASSLDSTGGIGELFF	1	TCRBV07-06	
CASSLGRDLNQPQHF	1	TCRBV07-09	
CASSLGRGIYEQYF	1	TCRBV05-04	
CASSLLSGGSYNEQFF	1	TCRBV05-01	
CASSLQVASGSREEQFF	1	TCRBV07-02	
CASSLTGTTYGGYTF	1	TCRBV07-02	
CASSLTYGEYEQYF	1	TCRBV07-06	
CASSLVGDRDGYTF	1	TCRBV07-02	
CASSLVGSGGEQYF	1	TCRBV05-01	
CASSLVPSGSTDTQYF	1	TCRBV05-01	
CASSLWDPGELFF	1	TCRBV05-04	
CASSNLRWKGRGYTF	1	TCRBV04-01	
CASSPGQGGDEQYF	1		
CASSPRAGTGNSPLHF	1		
CASSPSSGAYEQYF	1		
CASSQASGGPINEQFF	1		
CASSQDALGYEQYF	1	TCRBV07-02	
CASSQEQGDIQYF	1		
CASSQERGGKWAYEQYF	1	TCRBV04-03	TCRBJ02-07
CASSQGGGPGANVLTF	1	TCRBV04-02	
CASSQGKDTQYF	1	TCRBV04-02	
CASSQGRDRPTEAFF	1	TCRBV04-01	
CASSQRMGLSETQYF	1	TCRBV04-02	
CASSQSGGDVGELFF	1	TCRBV07-09	
CASSRLGDGDSNQPQHF	1	TCRBV06-06	
CASSSNIGGSPLHF	1	TCRBV07-02	
CASSSRTSGINEQFF	1	TCRBV05-04	
CASSTPGAKLGDTGELFF	1		
CASSYSRSDGHLGNTIYF	1	TCRBV06-05	
CASSYSWGFQETQYF	1	TCRBV06-05	
CASTGTARFTGELFF	1	TCRBV06-02	
CATSRGTVSYEQYF	1		
CATSRPTVGSRLRDGYTF	1		
CAWIITSTDTQYF	1		
CAWRPAMVYEQYF	1		
CAWSEGDNQPQHF	1		
CAWSGRLAGESGELFF	1		
CAWSNQPQHF	1		
CAWSVADTQYF	1		
CSAARGHYGYTF	1	TCRBV20-01	
CSAGEASGVFQETQYF	1	TCRBV20-01	
CSAKVEGYEQYF	1	TCRBV20-01	
CSAMGMNTEAFF	1	TCRBV20-01	
CSAPPDSLNTEAFF	1	TCRBV20-01	
CSARAEGARDSPLHF	1	TCRBV20-01	
CSARDVPGTTLGGELFF	1	TCRBV20-01	
CSARPRVFRALETQYF	1	TCRBV20-01	
CSARRTGSTYNEQFF	1	TCRBV20-01	
CSARSLYSTDTQYF	1	TCRBV20-01	
CSARYGSTCEQYF	1	TCRBV20-01	
CSASRQSNQPQHF	1	TCRBV20-01	
CSATTESNQPQHF	1	TCRBV20-01	
CSDGQAFF	1	TCRBV29-01	
CSGGRGEETQYF	1	TCRBV20-01	
CSVEDPAGTYEQYL	1	TCRBV29-01	
CSVEYRDNEQFF	1	TCRBV29-01	
CSVGLAGSYNEQFF	1	TCRBV29-01	
CASRASGLASNEQFF	1	TCRBV07-09	TCRBJ02-01
CASSDAGFRTQYF	1	TCRBV10-01	TCRBJ02-05
CASSFQGYTEAFF	1		TCRBJ01-01
CASSFSSLNTGELFF	1		TCRBJ02-02
CASSLAGYEQYF	1	TCRBV12-03	TCRBJ02-07
CASSLEGFTEAFF	1		TCRBJ01-01
CASSWSGGGARDTQYF	1	TCRBV07-09	TCRBJ02-03
CATSSGYEAGDNYEQYF	1	TCRBV24-01	TCRBJ02-07
CSVVAGGADTQYF	1	TCRBV29-01	TCRBJ02-03
CASSFQGYTEAFF	1		TCRBJ01-01
CACSLRSQGTDTQYF	1		
CASSAWDRSSGANVLTF	1		
CASSELGGAGTGELFF	1		
CASSETGATNYGYTGF	1		
CASSFLQVTEAFF	1		
CASSFQGYTEAFF	1		TCRBJ01-01
CASSFQTGASYGYTF	1		
CASSLAPGATNEKLFF	1	TCRBV07-06	
CASSLEGYTEAFF	1		
CASSLFVGGPGNEQFF	1		
CASSLQTGATFNYGYTF	1		
CASSPKLQGAWAEKLFF	1		
CASSPPAGSYNEQFF	1		
CASSPQTGTIYGYTGF	1		
CASSPVAGGAYNEQFF	1		
CASSPVTGGIYGYTGF	1		
CASSPWTGTLNTEAFF	1		
CASSQDPFAVLNTEAFF	1		
CASSSAFYGYTF	1		
CASSSAHYGYTF	1	TCRBV12-04	TCRBJ01-02
CASSSANYGYTF	1	TCRBV12-03	
CASSVGLPYEQYF	1		
CASSYQTGAGGYGYTGF	1		
CASSYSTGAGETQYF	1		
CASSYVTGTGSYGYTG	1		
CASTGTSGALYNEQFF	1		
CATSDLKVHSGNYGYTF	1		
CAWSSRDSMTDTQYF	1		
CAWSSRGQMTDTQYF	1		
CAWSVSDLAKNIQYF	1		
CSAFSGAAFVTDTQYF	1		
CASSFQGYTEAFF	1		TCRBJ01-01
CASSLFGGFTEAFF	1		
CASSFWDRVSGANVLTF	1		
CASSSVTGTGNYGYTF	1	TCRBV06-05	
CSARDVLAGGSDTQYF	1		
CASKQGAGGNTEAFF	1		
CASKWGPANPEAFF	1		
CASQGTAATNTGELFF	1		
CASRGLSGLTEAFF	1		
CASSLEQHTEAFF	1		
CASSSRQGADTGELFF	1		
CASSYQTGAAYGYTF	1	TCRBV06-05	
CASSGVGGWDEQYF	1		
CASSPTTGTGHYGYTF	1	TCRBV06-05	
CASSPVTGTGHYGYTF	1	TCRBV06-05	
CASSYQTGTGNYGYTF	1	TCRBV06-05	
CASSYQTGTGVYGYTF	1	TCRBV06-05	
CAWVPTGTGGTEAFF	1		
CASSFQGYTEAFF	1		TCRBJ01-01
CASSLAPGATNEKLFF	1	TCRBV07-06	
CASSLTSGSPYNEQFF	1		TCRBJ02-01
CASSLVGGRYGYTF	1	TCRBV12-04	TCRBJ01-02
CASSSAHYGYTF	1	TCRBV12-04	TCRBJ01-02
CASSSANYGYTF	1	TCRBV12-03	
CASSVVNEQFF	1	TCRBV12-04	TCRBJ02-01
