alpha	beta	counts	v_alpha	v_beta
CAGNYGGSQGNLIF	CASSIRGSGEQYF	1	TRAV35*01	TRBV19*01
CAGGGSQGNLIF	CASSVRSSYEQYF	1	TRAV27*01	TRBV19*01
CAGGGSQGNLIF	CASSIRSSYEQYF	1	TRAV27*01	TRBV19*01
CACNYGGSQGNLIF	CASSIRSTDTQYF	1	TRAV25*01	TRBV19*01
CAGAPSSSNTGKLIF	CASSIRSAYEQYF	1	TRAV27*01	TRBV19*01
CAGVGGGSQGNLIF	CASSIRSSYEQYF	1	TRAV27*01	TRBV19*01
CAGADGGSQGNLIF	CASSGRSTDTQYF	1	TRAV27*01	TRBV19*01
CAGGGSQGNLIF	CASSIRSSYEQYF	1	TRAV27*01	TRBV19*01
CAGAGGGSQGNLIF	CASSGRSADTQYF	1	TRAV27*01	TRBV19*01
CAGGRQTGANNLFF	CASSYLEGSETQETQYF	1	TRAV27*01	TRBV6-2*01
CAGVYGGSQGNLIF	CASSIRSAHEQYF	1	TRAV27*01	TRBV19*01
CAGASGGGSQGNLIF	CASSGRSTDTQYF	1	TRAV25*01	TRBV19*01
CAGGGSQGNLIF	CASSIRSSYEQYF	1	TRAV27*01	TRBV19*01
CAFMSNAGGTSYGKLTF	CASSIGVYGYTF	1	TRAV38-1*01	TRBV19*01
CAGNYGGSQGNLIF	CASSSRASYEQYF	1	TRAV27*01	TRBV19*01
CAGAGGGSQGNLIF	CASSGRSADTQYF	1	TRAV27*01	TRBV19*01
CATGGSQGNLIF	CASSTRSSYEQYF	1	TRAV27*01	TRBV19*01
CAGPDTYRDGGSQGNLIF	CASSPRSGNEQFF	1	TRAV35*01	TRBV19*01
CAGAVGSSNTGKLIF	CASSIRSSYEQYF	1	TRAV27*01	TRBV19*01
CAVSGSQGNLIF	CASSSRSSYEQYF	1	TRAV8-6*01	TRBV19*01
CAGALGGSQGNLIF	CASSSRSSYEQYF	1	TRAV27*01	TRBV19*01
CAGGGSQGNLIF	CASSIRSSYEQYF	1	TRAV27*01	TRBV19*01
CAGGGSQGNLIF	CASSIRSSYEQYF	1	TRAV27*01	TRBV19*01
CAGVGGGSQGNLIF	CASSIRASYEQYF	1	TRAV27*01	TRBV19*01
CAGVDGGSQGNLIF	CASSTRSAYEQYF	1	TRAV27*01	TRBV19*01
CAGSSGGSQGNLIF	CASSYRSSYEQYF	1	TRAV27*01	TRBV19*01
CAVSGSQGNLIF	CASSVRSSYEQYF	1	TRAV8-6*01	TRBV19*01
CAANYGGSQGNLIF	CASSLRSSYEQYF	1	TRAV27*01	TRBV19*01
CAGSDGGSQGNLIF	CASSMRSTDTQYF	1	TRAV27*01	TRBV19*01
CASPGDGGSQGNLIF	CASSPRSTDTQYF	1	TRAV25*01	TRBV19*01
CALSGSDYKLSF	CSARGGDSVLRVGEQYF	1	TRAV19*01	TRBV20-1*01
CAVDGSQGNLIF	CASSPRGGMTQHF	1	TRAV8-6*01	TRBV19*01
CAVKPGTASKLTF	CASSQDLTSEAFF	1	TRAV22*01	TRBV4-3*01
CAGALTNAGKSTF	CASSIRASYEQYF	1	TRAV27*01	TRBV19*01
CAGASGSSNTGKLIF	CASSIRSAYEQYF	1	TRAV27*01	TRBV19*01
CAGAGGGSQGNLIF	CASSRRSTDTQYF	1	TRAV27*01	TRBV19*01
CAGAHGSSNTGKLIF	CASSIRSAYEQYF	1	TRAV27*01	TRBV19*01
CAGASGSSNTGKLIF	CASSIRSAYEQYF	1	TRAV27*01	TRBV19*01
CAGGGSSNTGKLIF	CASSIRSSYEQYF	1	TRAV27*01	TRBV19*01
CAGAGGGSQGNLIF	CASSKRSTGELFF	1	TRAV27*01	TRBV19*01
CAGGGSQGNLIF	CASSIRSQVEQFF	1	TRAV12-2*01;TRAV12-2*03	TRBV19*01
CAENEGGGSQGNLIF	CASSIRSAGRAFF	1	TRAV13-2*01	TRBV19*01
CAGGGSQGNLIF	CASSIRSSYEQYF	1	TRAV27*01	TRBV19*01
CAVGGSQGNLIF	CASSIRSSYEQYF	1	TRAV8-6*01	TRBV19*01
CAGNYGGSQGNLIF	CASSLRSTDTQYF	1	TRAV25*01	TRBV19*01
CAGSQNYGGSQGNLIF	CASSWVSLDTQYF	1	TRAV27*01	TRBV19*01
CAGGTGGSQGNLIF	CASSIRSGYEQYF	1	TRAV27*01	TRBV19*01
CAYSYGGSQGNLIF	CASSDGTGGILYEQYF	1	TRAV38-2/DV8*01	TRBV6-1*01
CAGALTGYGGSQGNLIF	CASSIRSSYEQYF	1	TRAV27*01	TRBV19*01
CSAGSNYQLIW	CASTPQGAYEQYF	1	TRAV10*01	TRBV6-5*01
CAGGGSQGNLIF	CASSIRSSYEQYF	1	TRAV27*01	TRBV19*01
CAFSMEYGNKLVF	CASSGQGGTEAFF	1	TRAV38-2/DV8*01	TRBV9*01
CAVRVPDQTGANNLFF	CASSLRVSYNEQFF	1	TRAV1-2*01	TRBV12-4*01
CAVHLSAYSGAGSYQLTF	CASSQDKGRAYEQYF	1	TRAV12-2*01;TRAV12-2*03	TRBV4-1*01
CAGPEGGYSGAGSYQLTF	CASSVSGATADTQYF	1	TRAV27*01	TRBV9*01
CAASGGTGNQFYF	CASRLAGSHEQYF	1	TRAV29/DV5*01	TRBV19*01
CAGTGFQKLVF	CASSLGDRPSTDTQYF	1	TRAV35*01	TRBV12-4*01
CATGGSQGNLIF	CASSIRSSYEQYF	1	TRAV27*01	TRBV19*01
CAGAGSQGNLIF	CASSTRSSYEQYF	1	TRAV27*01	TRBV19*01
CAGGGSQGNLIF	CASSIRSSYEQYF	1	TRAV27*01	TRBV19*01
CVVSGDDTGNQFYF	CASSLTLVFEAFF	1	TRAV8-2*01	TRBV7-9*01
CAAISDYKLSF	CASSIRSSYEQYF	1	TRAV29/DV5*01	TRBV19*01
CVVPESGNTGKLIF	CSAAGLAGGSYEQYF	1	TRAV12-1*01	TRBV20-1*01;TRBV20-1*03
CAYGGSQGNLIF	CASSIRSSYEQYF	1	TRAV27*01	TRBV19*01
CAAGGSQGNLIF	CASSIRSSYEQYF	1	TRAV27*01	TRBV19*01
CATDGEYAGGTSYGKLTF	CASSVRTGYTEAFF	1	TRAV17*01	TRBV2*01
CAVEAREYGNKLVF	CASSSEASGENF	1	TRAV36/DV7*03	TRBV5-4*01
CAGAVGSSNTGKLIF	CASSIRSAYEQYF	1	TRAV27*01	TRBV19*01
CAAGGSQGNLIF	CASSIRSSYEQYF	1	TRAV27*01	TRBV19*01
CAGGGSQGNLIF	CASSIRSSYEQYF	1	TRAV27*01	TRBV19*01
CAGASGSSNTGKLIF	CASSIRSAYEQYF	1	TRAV27*01	TRBV19*01
CAGGGSQGNLIF	CASSIRSSYEQYF	1	TRAV27*01	TRBV19*01
CAGGGSQGNLIF	CASSIRSSYEQYF	1	TRAV27*01	TRBV19*01
CAGGGSQGNLIF	CASSIRSSYEQYF	1	TRAV27*01	TRBV19*01
CAAENNNDMRF	CASSLGTSYEQYF	1	TRAV13-1*01	TRBV7-6*01
CAGAGGGSQGNLIF	CASSIRSGYEQYF	1	TRAV27*01	TRBV19*01
CAAGGSQGNLIF	CASSIRSSYEQYF	1	TRAV27*01	TRBV19*01
CAGAFGSSNTGKLIF	CASSIRSAYEQYF	1	TRAV27*01	TRBV19*01
CAGAMGGGSQGNLIF	CASSIRASYEQYF	1	TRAV27*01	TRBV19*01
CAVGGTTDSWGKLQF	CASRGSLNQPQHF	1	TRAV21*01	TRBV27*01
CALHSGGYQKVTF	CASSPTRPVEQYF	1	TRAV14/DV4*02	TRBV27*01
CALSEATSGTYKYIF	CASSRGQLYEQYF	1	TRAV19*01	TRBV7-2*01
CAGAGSQGNLIF	CASSSRSAYEQYF	1	TRAV27*01	TRBV19*01
CAGGGNGGSQGNLIF	CASSIRSSYEQYF	1	TRAV27*01	TRBV19*01
CAYGGSQGNLIF	CASSIRSSYEQYF	1	TRAV27*01	TRBV19*01
CAVPYGNKLVF	CASTTGTVNTEAFF	1	TRAV13-1*01	TRBV6-6*01
CAGGGSQGNLIF	CASSIRSSYEQYF	1	TRAV27*01	TRBV19*01
CALSRAGGTSYGKLTF	CASSSRQGAANEKLFF	1	TRAV9-2*01	TRBV13*01
CAGGGSQGNLIF	CAPLKGSSYEQYF	1	TRAV27*01	TRBV19*01
CAGGGSQGNLIF	CASSVRSSYEQYF	1	TRAV27*01	TRBV19*01;TRBV19*02
CAVDDTNAGKSTF	CASSLRSTDTQYF	1	TRAV8-3*01	TRBV19*01;TRBV19*02
CALDMGGGSQGNLIF	CASSIRSTDTQYF	1	TRAV6*01	TRBV19*01;TRBV19*02
CAQGDGGSQGNLIF	CASSGRSTDTQYF	1	TRAV24*01	TRBV19*01;TRBV19*02
CAYSVNAGGTSYGKLTF	CASSIGTYGYTF	1	TRAV38-2/DV8*01	TRBV19*01;TRBV19*02
CAWGHNAGGTSYGKLTF	CASSIGLYGYTF	1	TRAV38-2/DV8*01	TRBV19*01;TRBV19*02
CAFMLGAGGTSYGKLTF	CASSIGYYGYTF	1	TRAV38-1*01	TRBV19*01;TRBV19*02
CAVPKGSQGNLIF	CASSIRSSYEQYF	1	TRAV8-3*01	TRBV19*01;TRBV19*02
CAEEHDRMYSGGGADGLTF	CASSVRSSYEQYF	1	TRAV13-2*01	TRBV19*01;TRBV19*02
CAGGGSQGNLIF	CASSIRSSYEQYF	1	TRAV27*01	TRBV19*01;TRBV19*02
CAGGGSQGNLIF	CASSIRSSYEQYF	1	TRAV27*01	TRBV19*01
CAGAVGSSNTGKLIF	CASSIRSSYEQYF	1	TRAV27*01	TRBV19*01;TRBV19*02
CAGEGGGSQGNLIF	CASSIRSSYEQYF	1	TRAV27*01	TRBV19*01;TRBV19*02
CAVREVEYGNKLVF	CASSIGYYGYTF	1	TRAV3*01	TRBV19*01;TRBV19*02
CAVTPSNTGKLIF	CASSIRSAYEQYF	1	TRAV12-2*01;TRAV12-2*03	TRBV19*01;TRBV19*02
CAGGGSQGNLIF	CASSIRSSYEQFF	1	TRAV27*01	TRBV19*01;TRBV19*02
CAYGGSQGNLIF	CASSIRSSYEQYF	1	TRAV27*01	TRBV19*01;TRBV19*02
CAGGGSQGNLIF	CASSIRSSYEQYF	1	TRAV27*01	TRBV19*01;TRBV19*02
CAVNPSNTGKLIF	CASSSRSSYEQYF	1	TRAV12-2*01;TRAV12-2*03	TRBV19*01;TRBV19*02
CAGAGDNTGKLIF	CASSVRSSYEQYF	1	TRAV27*01	TRBV19*01;TRBV19*02
CAGAPGSSNTGKLIF	CASSTRSSYEQYF	1	TRAV27*01	TRBV19*01;TRBV19*02
CALDMGGGSQGNLIF	CASSIRAADTQYF	1	TRAV6*01	TRBV19*01;TRBV19*02
CAMSGEGGSQGNLIF	CASSMRSAGELFF	1	TRAV12-3*01	TRBV19*01;TRBV19*02
CPGADGGIQRNLIF	CASSIMGSGNTIYF	1	TRAV27*01	TRBV19*01;TRBV19*02
CAGGGSQGNLIF	CASSIRSSYEQYF	1	TRAV27*01	TRBV19*01;TRBV19*02
CALLYARLMF	CASSIRSSYEQYF	1	TRAV19*01	TRBV19*01;TRBV19*02
CAMRGDPGGTSYGKLTF	CASSILSNTEAFF	1	TRAV14/DV4*02	TRBV19*01;TRBV19*02
CAFMIGAGGTSYGKLTF	CASSIGSYGYTF	1	TRAV38-1*01	TRBV19*01;TRBV19*02
CAASGSSNAGNMLTF	CASRSGREAFF	1	TRAV29/DV5*01	TRBV19*01;TRBV19*02
CAGAHGSSNTGKLIF	CASSIRSAYEQYF	1	TRAV27*01	TRBV19*01;TRBV19*02
CAGGGSQGNLIF	CASSIRSSYEQYF	1	TRAV27*01	TRBV19*01;TRBV19*02
CAAGGSQGNLIF	CASSIRSSYEQYF	1	TRAV27*01	TRBV19*01;TRBV19*02
CAGGGSQGNLIF	CASSIRSSYEQYF	1	TRAV27*01	TRBV19*01;TRBV19*02
CAGDLVIYGGSQGNLIF	CASSIRSSYEQYF	1	TRAV27*01	TRBV19*01;TRBV19*02
CAGADGGSQGNLIF	CASSGRSAGELFF	1	TRAV27*01	TRBV19*01;TRBV19*02
CSAGGSQGNLIF	CASSIRSSYEQYF	1	TRAV27*01	TRBV19*01;TRBV19*02
CALNDYKLSF	CASSEAISGAWDEQFF	1	TRAV3*01	TRBV6-1*01
CAMRDSQGGSEKLVF	CASSYGLEQFF	1	TRAV14/DV4*01	TRBV6-2*01
CAGGGSQGNLIF	CASSIRSSYEQYF	1	TRAV27*01	TRBV19*01
CATDALGNGNEKLTF	CATQGDNTYEQYF	1	TRAV17*01	TRBV19*01
CALSEASGNAGNMLTF	CASSSPTSGDYEQYF	1	TRAV19*01	TRBV27*01
CAGIDNYGQNFVF	CASSGGRNQPQHF	1	TRAV1-2*01	TRBV5-4*01;TRBV5-4*02;TRBV5-4*04
CALDSSDGQKLLF	CASSPLIGEQYF	1	TRAV19*01	TRBV27*01
CAGGGSQGNLIF	CASSIRSSYEQYF	1	TRAV27*01	TRBV19*01
CAGARAGGTSYGKLTF	CSARVRGDVYGYTF	1	TRAV27*01	TRBV20-1*01
CALSEAGKTSYDKVIF	CASSQVEAFYEQYF	1	TRAV19*01	TRBV4-1*01
CAVINQAGTALIF	CASSLERNTYEQYF	1	TRAV20*01	TRBV28*01
CAVSVRMDSSYKLIF	CASSQDPGYEQYF	1	TRAV8-6*01	TRBV4-1*01
CAYEVRDDKIIF	CASSYSGHVNTEAFF	1	TRAV38-2/DV8*01	TRBV6-5*01
CAVNLNEKLTF	CSARDGTRAHYEQFF	1	TRAV3*01	TRBV20-1*01
CALSEAGRGGSYIPTF	CASSIFGGAEAFF	1	TRAV19*01	TRBV19*01
CAGGGSQGNLIF	CASSIRSSYEQYF	1	TRAV27*01	TRBV19*01
CAGLSGGSYIPTF	CASSQDWGAGTQYF	1	TRAV8-4*01	TRBV14*01
CAGADGGSQGNLIF	CASSGRAAGELFF	1	TRAV27*01	TRBV19*01;TRBV19*02
CAGAVGSSNTGKLIF	CASSIRSGYEQYF	1	TRAV27*01	TRBV19*01;TRBV19*02
CAGAIGSSNTGKLIF	CASSVRSSYEQYF	1	TRAV27*01	TRBV19*01;TRBV19*02
CAVRDGTGANNLFF	CASSISSTGELFF	1	TRAV3*01	TRBV19*01;TRBV19*02
CAVAPTGNVLHC	CASSIRSTGELFF	1	TRAV20*01	TRBV19*01;TRBV19*02
CAGAGGGSQGNLIF	CASSIRATGELFF	1	TRAV27*01	TRBV19*01;TRBV19*02
CALAGSQGNLIF	CASSIRASYEQYF	1	TRAV23/DV6*01	TRBV19*01;TRBV19*02
CAVPNTNAGKSTF	CASSSRSGNEKLFF	1	TRAV21*01	TRBV19*01;TRBV19*02
CAGAFGSSNTGKLIF	CASSIRSSYEQYF	1	TRAV27*01	TRBV19*01;TRBV19*02
CAGGGSQGNLIF	CASSIRSSYEQYF	1	TRAV27*01	TRBV19*01;TRBV19*02
CAVRDGTGANNLFF	CASSPPPGAVETQYF	1	TRAV3*01	TRBV19*01;TRBV19*02
CPGGSQGNLIF	CASSIGVYGYTF	1	TRAV29/DV5*01	TRBV19*01;TRBV19*02
CAAGGSQGNLIF	CASSVRSSYEQYF	1	TRAV27*01	TRBV19*01;TRBV19*02
CAGADGGSQGNLIF	CASSSRSAGELFF	1	TRAV27*01	TRBV19*01;TRBV19*02
CAGGDGGSQGNLIF	CASSIRSTGELFF	1	TRAV27*01	TRBV19*01;TRBV19*02
CAGAGSQGNLIF	CASSVRSSYEQYF	1	TRAV27*01	TRBV19*01;TRBV19*02
CALDMGGGSQGNLIF	CASSARSTDTQYF	1	TRAV6*01	TRBV19*01;TRBV19*02
CAGRDGGSQGNLIF	CASSSRSRQYRGSSYEQYF	1	TRAV35*01	TRBV5-6*01
CAVSDSGTGNQFYF	CASSQMTGLNTEAFF	1	TRAV8-6*01	TRBV28*01
CAGPFGRLMF	CASSLFPGFGEQYF	1	TRAV27*01	TRBV27*01
CVVRDNNDMRF	CATSDFEVAGSSYNEQFF	1	TRAV12-1*01	TRBV24-1*01
CAGASGSSNTGKLIF	CASSIRSSYEQYF	1	TRAV27*01	TRBV19*01;TRBV19*02
CAGPDGSSNTGKLIF	CASSLIFPSGEQYF	1	TRAV35*01	TRBV27*01
CLVGSMDSNYQLIW	CASSSQSNQPQHF	1	TRAV4*01	TRBV25-1*01
CAGAGDGGSQGNLIF	CASSMRAGYEQYF	1	TRAV35*01	TRBV19*01
CAGAGGGSQGNLIF	CASSSRATGELFF	1	TRAV27*01	TRBV19*01
CAGAGQGGSQGNLIF	CASSFYSNQPQHF	1	TRAV27*01	TRBV19*01
CAASAGGGSQGNLIF	CASSIRASYEQYF	1	TRAV29/DV5*01	TRBV19*01
CAGGGSQGNLIF	CASSIRSSYEQYF	1	TRAV27*01	TRBV19*01
CAMRGDAGGTSYGKLTF	CASRIDSNQPQHF	1	TRAV14/DV4*01	TRBV19*01;TRBV19*02
CDGVGGGSQGNLIF	CASSDRATQPQHF	1	TRAV25*01	TRBV19*01
CAGEGGGSQGNLIF	CASSIRSSYEQYF	1	TRAV27*01	TRBV19*01
CAVSYGGSQGNLIF	CASSIRSSYEQYF	1	TRAV3*01	TRBV19*01
CAGGGSQGNLIF	CASSIRSSYEQYF	1	TRAV27*01	TRBV19*01
CAGAFGSSNTGKLIF	CASSIRSSYEQYF	1	TRAV27*01	TRBV19*01
CATGGSQGNLIF	CASSIRSSYEQYF	1	TRAV27*01	TRBV19*01
CAGASGSSNTGKLIF	CASSIRSGWEQYF	1	TRAV27*01	TRBV19*01
CAGATGGSQGNLIF	CASSIRSDYEQYF	1	TRAV27*01	TRBV19*01
CAGVEYGGSQGNLIF	CASSIRSSVEQFF	1	TRAV27*01	TRBV19*01
CAGASGNTGKLIF	CASSIRSSYEQYF	1	TRAV27*01	TRBV19*01
CAGVTYGGSQGNLIF	CASSLRSSYEQYF	1	TRAV35*01	TRBV19*01
CAGAVGSSNTGKLIF	CASSIRSSYEQYF	1	TRAV27*01	TRBV19*01
CAHGGSQGNLIF	CASSIRSSYEQYF	1	TRAV12-2*01;TRAV12-2*03	TRBV19*01
CAGAGGGSQGNLIF	CASSSRSTDTQYF	1	TRAV27*01	TRBV19*01
CAGPEDGGSQGNLIF	CASSIRSSGPQFF	1	TRAV25*01	TRBV19*01
CAGEGGGSQGNLIF	CASSIRSSYEQYF	1	TRAV27*01	TRBV19*01
CAGVGGGSQGNLIF	CASSIRASYEQYF	1	TRAV27*01	TRBV19*01
CAENNGGGSQGNLIF	CASSDRSGNEQFF	1	TRAV13-2*01	TRBV19*01
CAGGGSQGNLIF	CASSIRSSYEQYF	1	TRAV27*01	TRBV19*01
CAGASGNTGKLIF	CASSIRSSYEQYF	1	TRAV27*01	TRBV19*01
CAGAGGGSQGNLIF	CASSIRATGELFF	1	TRAV27*01	TRBV19*01
CAGAMGSSNTGKLIF	CASSIRSAYEQYF	1	TRAV27*01	TRBV19*01
CAVNGGGGSQGNLIF	CASSTRAAYEQYF	1	TRAV12-2*01;TRAV12-2*03	TRBV19*01
CAGAAGSSNTGKLIF	CASSIRSAYEQYF	1	TRAV27*01	TRBV19*01
CAGVGGGSQGNLIF	CASSIRSSYEQYF	1	TRAV27*01	TRBV19*01
CAVDGGGGSQGNLIF	CASSIRSSYEQYF	1	TRAV22*01	TRBV19*01
CAVRDIGEYGNKLVF	CASGGLVHEQFF	1	TRAV3*01	TRBV19*01
CAENIGGGSQGNLIF	CASSMRSGETQYF	1	TRAV13-2*01	TRBV19*01
CAFMIGAGGTSYGKLTF	CASSQGAFGYTF	1	TRAV38-1*01	TRBV19*01
CAENMGGGSQGNLIF	CASSDRAGNEQFF	1	TRAV13-2*01	TRBV19*01
CAASAGGGSQGNLIF	CASSIRASYEQYF	1	TRAV29/DV5*01	TRBV19*01
CAASEGGGSQGNLIF	CASSIRSSYEQYF	1	TRAV29/DV5*01	TRBV19*01
CAVNAGGGSQGNLIF	CASSIRASYEQYF	1	TRAV8-1*01	TRBV19*01
CAGQLGGGSQGNLIF	CASSIRSSETQYF	1	TRAV35*01	TRBV19*01
CAGAGGGSQGNLIF	CASSGRSTDTQYF	1	TRAV27*01	TRBV19*01
CAVTSNTGKLIF	CASSIRSSYEQYF	1	TRAV3*01	TRBV19*01
CAVTGGGSQGNLIF	CASSFRSSYEQYF	1	TRAV3*01	TRBV19*01
CAMNYGGSQGNLIF	CASSTRSTDTQYF	1	TRAV25*01	TRBV19*01
CAGGGSSNTGKLIF	CASSIRSAYEQYF	1	TRAV27*01	TRBV19*01
CAMSGDGGSQGNLIF	CASSIRASYEQYF	1	TRAV12-3*01	TRBV19*01
CAENYGGSQGNLIF	CASSIRSSYEQYF	1	TRAV27*01	TRBV19*01
CATGGSQGNLIF	CASSVRSSYEQYF	1	TRAV27*01	TRBV19*01
CAEGGSGGSQGNLIF	CASSMRSDEKLFF	1	TRAV5*01	TRBV19*01
CAGGGSQGNLIF	CASSIRSSYEQYF	1	TRAV27*01	TRBV19*01
CAVDGGGGSQGNLIF	CASSIRSSYEQFF	1	TRAV22*01	TRBV19*01
CAFLNAGKSTF	CASSDAGGGMAEAFF	1	TRAV24*01	TRBV25-1*01
CALSEALVTGGGNKLTF	CASSLSRRGPNYGYTF	1	TRAV19*01	TRBV27*01
CARNTGNQFYF	CASSKQTGTGNYGYTF	1	TRAV24*01	TRBV6-5*01
CVVTPGREYGNKLVF	CASSISSGSYNEQFF	1	TRAV10*01	TRBV19*01
CALRVMNRDDKIIF	CASSTKVGGTGELFF	1	TRAV16*01	TRBV19*01
CAVNNYGQNFVF	CASSVEDYGSVSYGYTF	1	TRAV12-2*01	TRBV9*01
CIAGASFSGGYNKLIF	CSANSDRVSYNEQFF	1	TRAV26-1*01	TRBV20-1*01
CAFSSNYQLIW	CASSLLGGAGTDTQYF	1	TRAV24*01	TRBV10-2*01
CAVVASNTGKLIF	CASSPRDGQETQYF	1	TRAV1-1*01	TRBV4-1*01
CAGGGSQGNLIF	CASSIRSSYEQYF	1	TRAV27*01	TRBV19*01;TRBV19*02
CAGATGNTGKLIF	CASSTRSGYEQYF	1	TRAV27*01	TRBV19*01;TRBV19*02
CAGAGSQGNLIF	CASSSRSSYEQYF	1	TRAV27*01	TRBV19*01;TRBV19*02
CAGGGSQGNLIF	CASSIRSSYEQYF	1	TRAV27*01	TRBV19*01;TRBV19*02
CAGAGGGSQGNLIF	CASSKRSTDTQYF	1	TRAV27*01	TRBV19*01;TRBV19*02
CAESIGRGSQGNLIF	CASSIRSGVEQYF	1	TRAV5*01	TRBV19*01;TRBV19*02
CAVGGYGGSQGNLIF	CASSIRSSYEQYF	1	TRAV8-6*01	TRBV19*01;TRBV19*02
CAGAPRTSGTYKYIF	CASSILTGPRTEAFF	1	TRAV27*01	TRBV19*01;TRBV19*02
CGISLGGGSQGNLIF	CASSTRSTDTQYF	1	TRAV30*01	TRBV19*01;TRBV19*02
CAASSNTGKLIF	CASSSRSSYEQYF	1	TRAV8-6*01	TRBV19*01;TRBV19*02
CAYSPGAGGTSYGKLTF	CASSIGLYGYTF	1	TRAV38-2/DV8*01	TRBV19*01;TRBV19*02
CATDAIPSDMRF	CASSFRSTDTQYF	1	TRAV17*01	TRBV19*01;TRBV19*02
CASGGSQGNLIF	CASSSRSAYEQYF	1	TRAV12-2*01;TRAV12-2*03	TRBV19*01;TRBV19*02
CAVGGDGGSQGNLIF	CASSVRSSYEQYF	1	TRAV8-3*01	TRBV19*01;TRBV19*02
CAGADGGSQGNLIF	CASSSRSANEQFF	1	TRAV27*01	TRBV19*01;TRBV19*02
CAVTPGGGSQGNLIF	CASSPRASLEQYF	1	TRAV3*01	TRBV19*01;TRBV19*02
CAVRKFGNEKLTF	CASSIGLYGYTF	1	TRAV41*01	TRBV19*01;TRBV19*02
CAGAGGGSQGNLIF	CASSFRSTDTQYF	1	TRAV27*01	TRBV19*01;TRBV19*02
CALIAGANSKLTF	CASSIAPTDTQYF	1	TRAV9-2*01	TRBV19*01;TRBV19*02
CAGADGGSQGNLIF	CASSGRSTDTQYF	1	TRAV27*01	TRBV19*01;TRBV19*02
CAGALGSSNTGKLIF	CASSIRSAYEQYF	1	TRAV27*01	TRBV19*01;TRBV19*02
CAGPMKTSYDKVIF	CASSSANYGYTF	1	TRAV35*01	TRBV12-4*01
CIAHGGGGADGLTF	CATSDGLAGGWANVLTF	1	TRAV26-2*01	TRBV24-1*01
CALSGETSGSRLTF	CASGLVPGGLVYEQYF	1	TRAV19*01	TRBV12-5*01
CAVIGEGGKLTF	CASSLLVSGVSSTDTQYF	1	TRAV8-1*01	TRBV28*01
CAVPPDSWGKLQF	CASSQDLAGEGTDTQYF	1	TRAV3*01	TRBV3-1*01;TRBV3-2*01;TRBV3-2*02
CAVRANFGNEKLTF	CASSYPLLYSGANTGELFF	1	TRAV41*01	TRBV6-2*01
CAAETTSGTYKYIF	CASSPIAGSSYEQYF	1	TRAV41*01	TRBV14*01
CAAPYSGGGADGLTF	CATSDYVSGTLQETQYF	1	TRAV12-2*01;TRAV12-2*03	TRBV24-1*01
CALSGSSVGAAGNKLTF	CASSVVASSYNEQFF	1	TRAV19*01	TRBV9*01
CAASAFLGGSEKLVF	CATSERGDLNFGTDTQYF	1	TRAV29/DV5*01	TRBV15*01
CALSDLNQAGTALIF	CASSYGIAGKETQYF	1	TRAV19*01	TRBV7-8*01
CAVSPVSNFGNEKLTF	CASSPLSLGSPYNEQFF	1	TRAV8-6*01	TRBV5-6*01
CAEISSGGSYIPTF	CASSTIEGQGGRHTQYF	1	TRAV13-2*01	TRBV9*01
CAMSLYSGGGADGLTF	CASRPPPAGQKETQYF	1	TRAV14/DV4*01	TRBV28*01
CAVPYSGGGADGLTF	CATSDFPPGVRGAPQETQYF	1	TRAV12-2*01;TRAV12-2*03	TRBV24-1*01
CAVSDDNDMRF	CASSQTYEQYF	1	TRAV8-4*01;TRAV8-4*03	TRBV12-3*01;TRBV12-4*01
CAEIWDYGQNFVF	CASSWEGINYGYTF	1	TRAV13-2*01	TRBV5-6*01
CAVNPAEYGNKLVF	CASSRVGTTYEQYF	1	TRAV12-2*01;TRAV12-2*03	TRBV18*01
CAMSERNNARLMF	CASGAGGPLNEQFF	1	TRAV12-3*01	TRBV19*01;TRBV19*02
CAMSERNNARLMF	CASSDHPGSRELWKHHIF	1	TRAV12-3*01	TRBV6-4*01
CAENGGGSTLGRLYF	CASSTRSTDTQYF	1	TRAV13-2*01	TRBV19*01;TRBV19*02
CAVSGSQGNLIF	CASSMRSSYEQYF	1	TRAV8-6*01	TRBV19*01;TRBV19*02
CAFMSSPGGTSYGKLTF	CASSIGVYGYTF	1	TRAV38-1*01	TRBV19*01;TRBV19*02
CAGGGSQGNLIF	CASSIRSSYEQYF	1	TRAV27*01	TRBV19*01;TRBV19*02
CAYSTNAGGTSYGKLTF	CASSLGIYGYTF	1	TRAV38-2/DV8*01	TRBV19*01;TRBV19*02
CAENMGGGSQGNLIF	CASSVRAGETQYF	1	TRAV13-2*01	TRBV19*01;TRBV19*02
CAGAYGGSQGNLIF	CASSIRSTGELFF	1	TRAV27*01	TRBV19*01;TRBV19*02
CALSDSGGSNYKLTF	CASSIFSGGQNIQYF	1	TRAV19*01	TRBV19*01;TRBV19*02
