alpha	beta	counts	v_alpha	j_alpha	v_beta	j_beta
CAASDGAGGTSYGKLTF	CASSLWTGSHEQYF	1	TRAV29/DV5*01	TRAJ52*01	TRBV5-8*01	TRBJ2-7*01
CAESKGNLIF	CASSQSPGGEQYF	1	TRAV5*01	TRAJ42*01	TRBV14*02	TRBJ2-7*01
CAESTSRGNTPLVF	CASSLTTEQQFF	1	TRAV5*01	TRAJ29*01	TRBV4-1*02	TRBJ2-1*01
CAEDNNARLMF	CSARDATGNGYTF	1	TRAV5*01	TRAJ31*01	TRBV20-1*01	TRBJ1-2*01
CAEDNNARLMF	CSARDSTGNGYTF	1	TRAV5*01	TRAJ31*01	TRBV20-1*01	TRBJ1-2*01
CADDNNARLMF	CSARDRTGNGYTF	1	TRAV5*01	TRAJ31*01	TRBV20-1*01	TRBJ1-2*01
CAEDNNPRLMF	CSARDSTGNGYTF	1	TRAV5*01	TRAJ31*01	TRBV20-1*01	TRBJ1-2*01
CAEKGGTALIF	CSARGQGDEQYF	1	TRAV5*01	TRAJ15*01	TRBV29-1*03	TRBJ2-7*01
CAVLRGGADGLTF	CASSSGAGLDEQFF	1	TRAV29/DV5*01	TRAJ45*01	TRBV27*01	TRBJ2-1*01
CAEYSSASKIIF	CASSQSPGGTQYF	1	TRAV5*01	TRAJ3*01	TRBV14*01	TRBJ2-3*01
CVVFKAAGNKLTF	CASGGSSYQETQYF	1	TRAV10*01	TRAJ17*01	TRBV10-2*01	TRBJ2-5*01
CAESISGGKLIF	CSVGSAGTNEKLFF	1	TRAV5*01	TRAJ23*01	TRBV29-1*02	TRBJ1-4*01
CAEDNNARLMF	CASSPGSTAPGELFF	1	TRAV5*01	TRAJ31*01	TRBV2*03	TRBJ2-2*01
CAMREVMDSNYQLIW	CASSVAQLAGGTDTQYF	1	TRAV14/DV4*01	TRAJ33*01	TRBV9*01	TRBJ2-3*01
CVVYMEYGNKLVF	CASGGLSSYNEQFF	1	TRAV10*01	TRAJ47*02	TRBV10-2*01	TRBJ2-1*01
CAESLDMLTF	CASSVVGGNEQFF	1	TRAV5*01	TRAJ39*01	TRBV9*01	TRBJ2-1*01
CVVNGMDSSYKLIF	CASTPGTVLPDTQYF	1	TRAV12-1*01	TRAJ12*01	TRBV2*03	TRBJ2-3*01
CAELGNDMRF	CASSQSPGGEQYF	1	TRAV5*01	TRAJ43*01	TRBV14*01	TRBJ2-7*01
CAESTGKLIF	CSVGTGGTNEKLFF	1	TRAV5*01	TRAJ37*02	TRBV29-1*02	TRBJ1-4*01
CAEDNNARLMF	CSARDTTGNGYTF	1	TRAV5*01	TRAJ31*01	TRBV20-1*01	TRBJ1-2*01
CAEDNNARLMF	CSARDQTGNGYTF	1	TRAV5*01	TRAJ31*01	TRBV20-1*01	TRBJ1-2*01
CAESNADNNDMRF	CSVEAVGDGIYNEQFF	1	TRAV5*01	TRAJ43*01	TRBV29-1*01	TRBJ2-1*01
CAVYSNSGYALNF	CSVGTGGTNEKLFF	1	TRAV21*01	TRAJ41*01	TRBV29-1*02	TRBJ1-4*01
CAVNIDTMDSNYQLIW	CASSVGGEAYEQYF	1	TRAV12-2*01	TRAJ33*01	TRBV9*01	TRBJ2-7*01
CAVYSNSGYALNF	CASSPDREGGDRGYNEQFF	1	TRAV21*01	TRAJ41*01	TRBV3-2*03	TRBJ2-1*01
CAENRYSTLTF	CASSVAGGDEQFF	1	TRAV5*01	TRAJ11*01	TRBV9*01	TRBJ2-1*01
CAELGNDMRF	CASSQAPGGEQYF	1	TRAV5*01	TRAJ43*01	TRBV14*01	TRBJ2-7*01
CAESTGKLIF	CSVGTGGTNEKLFF	1	TRAV5*01	TRAJ37*02	TRBV29-1*02	TRBJ1-4*01
CAHDNNARLMF	CSARDRTGNGYTF	1	TRAV5*01	TRAJ31*01	TRBV20-1*01	TRBJ1-2*01
CAEDNNARLMF	CSARDGTGNGYTF	1	TRAV5*01	TRAJ31*01	TRBV20-1*01	TRBJ1-2*01
CAEIASGTYKYIF	CSAEISGTQLYNEQFF	1	TRAV5*01	TRAJ40*01	TRBV20-1*07	TRBJ2-1*01
CASGGSQGNLIF	CASSFGTFETQYF	1	TRAV29/DV5*01	TRAJ42*01	TRBV27*01	TRBJ2-5*01
CSVNIDTMDSNYQLIW	CASSVGGEAYEQYF	1	TRAV12-2*01	TRAJ33*01	TRBV9*01	TRBJ2-7*01
CAESIGKLIF	CSVGTQGTNEKLFF	1	TRAV5*01	TRAJ23*01	TRBV29-1*02	TRBJ1-4*01
CAEDDNARLMF	CSARDRVGNGYTF	1	TRAV5*01	TRAJ31*01	TRBV20-1*01	TRBJ1-2*01
CAESTSWGKLQF	CSVGAGGTNEKLFF	1	TRAV5*01	TRAJ24*02	TRBV29-1*02	TRBJ1-4*01
CAEDNNARLMF	CSARDGTGNGYTF	1	TRAV5*01	TRAJ31*01	TRBV20-1*01	TRBJ1-2*01
CAEDNYGQNFVF	CSGREDSTNEKLFF	1	TRAV5*01	TRAJ26*01	TRBV29-1*03	TRBJ1-4*01
CAEDNNARLMF	CSARLRELSGNTIYF	1	TRAV5*01	TRAJ31*01	TRBV20-1*07	TRBJ1-3*01
CAASRDYKLSF	CSVGAIMDEQFF	1	TRAV13-1*02	TRAJ20*01	TRBV29-1*02	TRBJ2-1*01
CAESIGKLIF	CSVGAGGTNEKLFF	1	TRAV5*01	TRAJ23*01	TRBV29-1*02	TRBJ1-4*01
CAEDNNARLMF	CSARDTVGNGYTF	1	TRAV5*01	TRAJ31*01	TRBV20-1*01	TRBJ1-2*01
CILGMDSSYKLIF	CSVPGLAVPGELFF	1	TRAV26-2*01	TRAJ12*01	TRBV29-1*02	TRBJ2-2*01
CAEDNNARLMF	CSVGSGGTNEKLFF	1	TRAV5*01	TRAJ31*01	TRBV29-1*02	TRBJ1-4*01
CAVDDLYSNYQLIW	CASSLSGGINEQFF	1	TRAV41*01	TRAJ33*01	TRBV19*02	TRBJ2-1*01
CAEDNNARLMF	CSARDSTGNGYTF	1	TRAV5*01	TRAJ31*01	TRBV20-1*01	TRBJ1-2*01
CAVDDLYSNYQLIW	CASSLWGGINEQFF	1	TRAV41*01	TRAJ33*01	TRBV19*02	TRBJ2-1*01
CAESSRGKLIF	CSVGTGGTNEKLFF	1	TRAV5*01	TRAJ37*02	TRBV29-1*02	TRBJ1-4*01
CALRCFGNEKLTF	CSVPITVQETQYF	1	TRAV16*01	TRAJ48*01	TRBV29-1*02	TRBJ2-5*01
CAESIGKLIF	CSVGSGGTNEKLFF	1	TRAV5*01	TRAJ23*01	TRBV29-1*02	TRBJ1-4*01
CAVRCFGNEKLTF	CSVPITVQETQYF	1	TRAV16*01	TRAJ48*01	TRBV29-1*02	TRBJ2-5*01
CAVDDTGGGNKLTF	CASSAGQVSPGELFF	1	TRAV1-1*02	TRAJ10*01	TRBV2*03	TRBJ2-2*01
CAEDNNARLMF	CSARDRTGNGYTF	1	TRAV5*01	TRAJ31*01	TRBV20-1*01	TRBJ1-2*01
CALRCFGNEKLTF	CSVPGTVQETQYF	1	TRAV16*01	TRAJ48*01	TRBV29-1*02	TRBJ2-5*01
CAEDNNARLMF	CSARDSTGNGYTF	1	TRAV5*01	TRAJ31*01	TRBV20-1*01	TRBJ1-2*01
CAVPVEGGYNKLIF	CSARDSTGNGYTF	1	TRAV5*01	TRAJ4*01	TRBV20-1*01	TRBJ1-2*01
CAEDANARLMF	CSARDGTGNGYTF	1	TRAV5*01	TRAJ31*01	TRBV20-1*01	TRBJ1-2*01
CAEDNNTRLMF	CSARDSTGNGYTF	1	TRAV5*01	TRAJ31*01	TRBV20-1*01	TRBJ1-2*01
CAESQGNLIF	CASSQSPGGQQFF	1	TRAV5*01	TRAJ42*01	TRBV14*01	TRBJ2-1*01
CAESTGKLIF	CSVGSDGTNEKLFF	1	TRAV5*01	TRAJ37*02	TRBV29-1*02	TRBJ1-4*01
CASDNNARLMF	CSARDSTGNGYTF	1	TRAV5*01	TRAJ31*01	TRBV20-1*01	TRBJ1-2*01
CAEDNNARLMF	CSARVEPGNGYTF	1	TRAV5*01	TRAJ31*01	TRBV20-1*01	TRBJ1-2*01
CALNPTGGGNKLTF	CASSPVSGSSYEQYF	1	TRAV19*01	TRAJ10*01	TRBV3-2*03	TRBJ2-7*01
CASDNNARLMF	CSARDSTGNGYTF	1	TRAV5*01	TRAJ31*01	TRBV20-1*01	TRBJ1-2*01
CAARGDTGKLIF	CASSISGDYGYTF	1	TRAV29/DV5*01	TRAJ37*02	TRBV7-8*03	TRBJ1-2*01
CAEDNNARLMF	CSARDRTGNGYTF	1	TRAV5*01	TRAJ31*01	TRBV20-1*01	TRBJ1-2*01
CAEDNNARLMF	CSARDGTGNGYTF	1	TRAV5*01	TRAJ31*01	TRBV20-1*01	TRBJ1-2*01
CAVGEDSSYKLIF	CSAEPGTSGGLQYF	1	TRAV22*01	TRAJ12*01	TRBV20-1*07	TRBJ2-4*01
CAARFDSGYALNF	CASSTYSGQSYGYTF	1	TRAV29/DV5*01	TRAJ41*01	TRBV9*02	TRBJ1-2*01
CAAGYSSASKIIF	CASSFSSGTTDTQYF	1	TRAV23/DV6*03	TRAJ3*01	TRBV11-2*03	TRBJ2-3*01
CVVSDEYGNKLVF	CASSVWTGHDEQFF	1	TRAV10*01	TRAJ47*01	TRBV6-4*02	TRBJ2-1*01
CAEDAGNMLTF	CASSQAGLAAYNEQFF	1	TRAV5*01	TRAJ39*01	TRBV4-2*01	TRBJ2-1*01
CALPMNRDDKIIF	CASSYAYDGSYEQYF	1	TRAV6*03	TRAJ30*01	TRBV11-2*03	TRBJ2-7*01
CAADSNARFMF	CSARDRVGNTIYF	1	TRAV5*01	TRAJ31*01	TRBV20-1*01	TRBJ1-3*01
CAEDAGNMLTF	CSVTGDRRSNQPQHF	1	TRAV5*01	TRAJ39*01	TRBV29-1*02	TRBJ1-5*01
CAADSNARLMF	CSARDRVGNTIYF	1	TRAV5*01	TRAJ31*01	TRBV20-1*01	TRBJ1-3*01
