nucleotide	aminoAcid	count (templates/reads)	frequencyCount (%)	cdr3Length	vMaxResolved	vFamilyName	vGeneName	vGeneAllele	vFamilyTies	vGeneNameTies	vGeneAlleleTies	dMaxResolved	dFamilyName	dGeneName	dGeneAllele	dFamilyTies	dGeneNameTies	dGeneAlleleTies	jMaxResolved	jFamilyName	jGeneName	jGeneAllele	jFamilyTies	jGeneNameTies	jGeneAlleleTies	vDeletion	n1Insertion	d5Deletion	d3Deletion	n2Insertion	jDeletion	vIndex	n1Index	dIndex	n2Index	jIndex	estimatedNumberGenomes	sequenceStatus	cloneResolved	vOrphon	dOrphon	jOrphon	vFunction	dFunction	jFunction	fractionNucleated	vAlignLength	vAlignSubstitutionCount	vAlignSubstitutionIndexes	vAlignSubstitutionGeneThreePrimeIndexes	vSeqWithMutations
GACTCGGCCGTGTATGTCTGTGCCAGCAGCTTAGGGGGCTCAGGAACCGGGGAGCTGTTTTTTGGAGAA	CASSLGGSGTGELFF	5	0.0518318659471741	45	TCRBV11-03*01	TCRBV11	TCRBV11-03	01				TCRBD01-01*01	TCRBD01	TCRBD01-01	01				TCRBJ02-02*01	TCRBJ02	TCRBJ02-02	01				1	6	7	0	0	5	18	-1	34	39	45	5	In	VDJ												
GACTCGGCCGTGTATGTCTGTGCCAGCAGCTTAGGAAAATCTGGAAACACCATATATTTTGGAGAG	CASSLGKSGNTIYF	3	0.03507526270945754	42	TCRBV11-03*01	TCRBV11	TCRBV11-03	01								TCRBD01,TCRBD02	TCRBD01-01,TCRBD02-01		TCRBJ01-03*01	TCRBJ01	TCRBJ01-03	01				1	3	2	8	0	1	18	-1	34	36	39	3	In	VDJ												
TCAGGAGACACAGCACGGTATTTCTGTGCCAGCAGCGTCCGACAGGGGGTTGGCGAGCAGTACTTCGGGCCG	CASSVRQGVGEQYF	3	0.03408122692416927	42	TCRBV21-or09_02*01	TCRBV21	TCRBV21-or09_02	01				TCRBD01-01*01	TCRBD01	TCRBD01-01	01				TCRBJ02-07*01	TCRBJ02	TCRBJ02-07	01				5	4	2	1	4	6	24	36	40	49	53	3	In	VDJ												
GACTCGGCCGTGTATGTCTGTGCCAGCAGCCAGGACAGGGGGGATTCACCCCTCCACTTTGGGAAC	CASSQDRGDSPLHF	3	0.03337120136324908	42	TCRBV11-03*01	TCRBV11	TCRBV11-03	01				TCRBD01-01*01	TCRBD01	TCRBD01-01	01				TCRBJ01-06*01	TCRBJ01	TCRBJ01-06	01				5	1	1	1	2	8	18	30	32	42	43	3	In	VDJ												
GACTCGGCCGTGTATGTCTGTGCCAGCAGCCTTCAGCGGGAGAAATCCGAGCAGTACTTCGGGCCG	CASSLQREKSEQYF	3	0.03209315535359273	42	TCRBV11-03*01	TCRBV11	TCRBV11-03	01				TCRBD02-01*02	TCRBD02	TCRBD02-01	02				TCRBJ02-07*01	TCRBJ02	TCRBJ02-07	01				5	5	6	2	4	6	18	30	34	42	47	3	In	VDJ												
GACTCGGCCGTGTATGTCTGTGCCAGCAGCTTAGCAGGGGAGATGAACACTGAAGCTTTCTTTGGACAA	CASSLAGEMNTEAFF	2	0.020022720817949445	45					TCRBV07,TCRBV11	TCRBV07-02,TCRBV11-03						TCRBD01,TCRBD02	TCRBD01-01,TCRBD02-01		TCRBJ01-01*01	TCRBJ01	TCRBJ01-01	01				0	3	5	2	0	0	18	-1	35	40	43	2	In	VDJ												
CCCAACCAGACAGCTCTTTACTTCTGTGCCACCAGTGAACCCACAGGGGGGAACACTGAAGCTTTCTTTGGACAA	CATSEPTGGNTEAFF	2	0.01775063902300483	45	TCRBV24	TCRBV24				TCRBV24-01,TCRBV24-or09_02		TCRBD01-01*01	TCRBD01	TCRBD01-01	01				TCRBJ01-01*01	TCRBJ01	TCRBJ01-01	01				4	0	3	1	4	1	24	38	42	-1	50	2	In	VDJ												
CCTCCCAGACATCTGTGTACTTGTGTGCCAGCAGTGACGGCCACCATGAATCACTGAAGCTTTCTTTGGACAA		2	0.01732462368645271	44	TCRBV06-08*01	TCRBV06	TCRBV06-08	01								TCRBD01,TCRBD02	TCRBD01-01,TCRBD02-01		TCRBJ01-01*01	TCRBJ01	TCRBJ01-01	01				5	13	2	7	0	4	23	-1	35	38	51	2	Out	VDJ												
GACTCGGCCGTGTATGTCTGTGCCAGCAGCGATCAGTTCAAGTTACAAAGTCGGGCCAACGTCCTGACTTTCGGGGCC	CASSDQFKLQSRANVLTF	2	0.017040613462084634	54	TCRBV11-03*01	TCRBV11	TCRBV11-03	01				TCRBD01-01*01	TCRBD01	TCRBD01-01	01				TCRBJ02-06*01	TCRBJ02	TCRBJ02-06	01				5	5	3	6	14	5	18	30	44	47	52	2	In	VDJ												
CCTCCCAGACATCTGTGTACTTGTGTGCCAGCAGTGAACGGGACAGTGAAGCTTTCTTTGGACAA	CASSERDSEAFF	1	0.01547855722806021	36	TCRBV06	TCRBV06				TCRBV06-01,TCRBV06-08		TCRBD01-01*01	TCRBD01	TCRBD01-01	01				TCRBJ01-01*01	TCRBJ01	TCRBJ01-01	01				2	0	0	5	1	7	23	38	39	-1	46	1	In	VDJ												
GACGCAGCCATGTACCTGTGTGCCACCAGCAGAGATCGGGAGGCAGGGGACGGCTACACCTTCGGTTCG	CATSRDREAGDGYTF	1	0.015194547003692133	45	TCRBV15-01*01	TCRBV15	TCRBV15-01	01				TCRBD02-01*02	TCRBD02	TCRBD02-01	02				TCRBJ01-02*01	TCRBJ01	TCRBJ01-02	01				0	8	8	1	1	8	18	35	36	43	51	1	In	VDJ												
AGCTTGGTGACTCTGCTGTGTATTTCTGTGCCAGCAGACCCGGACAGGCGGGAAACACCATATATTTTGGAGAG	CASRPGQAGNTIYF	1	0.014910536779324055	42	TCRBV03	TCRBV03				TCRBV03-01,TCRBV03-02		TCRBD01-01*01	TCRBD01	TCRBD01-01	01				TCRBJ01-03*01	TCRBJ01	TCRBJ01-03	01				6	2	1	4	4	4	26	37	41	48	50	1	In	VDJ												
GGACTCRGCCRTGTATSKCTGTGCCTGCGCTGGAAGCGGGGATGAAGAGACCCAGTACTTCGGGCCA	CACAGSGDEETQYF	1	0.014626526554955978	42		unresolved			TCRBV07,TCRBV12			TCRBD02-01*01	TCRBD02	TCRBD02-01	01				TCRBJ02-05*01	TCRBJ02	TCRBJ02-05	01				12	3	6	3	10	3	18	23	33	40	43	1	In	VDJ												
GACTCGGCCGTGTATGTCTGTGCCAGCCAGGTGGCGGTGGACACCGGGGAGCTGTTTTTTGGAGAA	CASQVAVDTGELFF	1	0.014058506106219825	42	TCRBV11-03*01	TCRBV11	TCRBV11-03	01								TCRBD01,TCRBD02	TCRBD01-01,TCRBD02-01		TCRBJ02-02*01	TCRBJ02	TCRBJ02-02	01				8	9	4	4	0	3	18	-1	27	31	40	1	In	VDJ												
GACTCGGCCGTGTATGTCTGTGCCAGCAGCTCCCGACGACTAGCGGGGGCCTACAATGAGCAGTTCTTCGGGCCA	CASSSRRLAGAYNEQFF	1	0.013348480545299631	51	TCRBV11-03*01	TCRBV11	TCRBV11-03	01				TCRBD02-01*01	TCRBD02	TCRBD02-01	01				TCRBJ02-01*01	TCRBJ02	TCRBJ02-01	01				4	0	2	2	6	2	18	31	37	-1	49	1	In	VDJ												
TCAGGAGACACAGCACGGTATTTCTGTGCCAGCAGCCAGATTGAAGGCATGAGTGAAAGACCTATGGCTACACCTTCGGTTCG		1	0.013206475433115593	53	TCRBV21-or09_02*01	TCRBV21	TCRBV21-or09_02	01								TCRBD01,TCRBD02	TCRBD01-01,TCRBD02-01		TCRBJ01-02*01	TCRBJ01	TCRBJ01-02	01				5	0	2	7	22	4	24	36	58	-1	61	1	Out	VDJ												
GCTCCCAGACATCTGTGTATTTCTGCGCCAGCGGGGACTAGCGGGGGGCCTACGAGCAGTACTTCGGGCCG	CASGD*RGAYEQYF	1	0.013206475433115593	42	TCRBV10-02*01	TCRBV10	TCRBV10-02	01				TCRBD02-01*01	TCRBD02	TCRBD02-01	01				TCRBJ02-07*01	TCRBJ02	TCRBJ02-07	01				8	0	0	1	1	2	23	32	33	-1	48	1	Stop	VDJ												
GACTCGGCCGTGTATGTCTGTGCCAGCAGCTGGGGGTGGGCGCGCCCTAAAGAAAAACTGTTTTTTGGCAGT	CASSWGWARPKEKLFF	1	0.01235444476001136	48	TCRBV11-03*01	TCRBV11	TCRBV11-03	01								TCRBD01,TCRBD02	TCRBD01-01,TCRBD02-01		TCRBJ01-04*01	TCRBJ01	TCRBJ01-04	01				4	15	6	1	0	8	18	-1	31	36	51	1	In	VDJ												
GACTCGGCCGTGTATGTCTGTGCCAGCAGCGATGGTCACAATCTCGACAAAGTCGGGCCAACGTCCTGACTTTCGGGGCC		1	0.01235444476001136	56	TCRBV11-03*01	TCRBV11	TCRBV11-03	01				TCRBD01-01*01	TCRBD01	TCRBD01-01	01				TCRBJ02-06*01	TCRBJ02	TCRBJ02-06	01				5	5	2	6	15	5	18	30	45	49	54	1	Out	VDJ												
TCAGGAGACACAGCACGGTATTTCTGTGCCAGCAGTTTTGGGAGAGTCTCTGGAAACACCATATATTTTGGAGAG	CASSFGRVSGNTIYF	1	0.012212439647827322	45	TCRBV21-or09_02*01	TCRBV21	TCRBV21-or09_02	01				TCRBD02-01*02	TCRBD02	TCRBD02-01	02				TCRBJ01-03*01	TCRBJ01	TCRBJ01-03	01				6	3	9	2	4	0	24	35	39	44	47	1	In	VDJ												
CAAAAGAACCCGACAGCTTTCTATCTCTGTGCCAGTAGTAAGACTAGCGGGGGCACCTACAATGAGCAGTTCTTCGGGCCA	CASSKTSGGTYNEQFF	1	0.010934393638170975	48	TCRBV19-01	TCRBV19	TCRBV19-01				01,02	TCRBD02-01*01	TCRBD02	TCRBD02-01	01				TCRBJ02-01*01	TCRBJ02	TCRBJ02-01	01				4	2	2	2	1	2	27	40	41	53	55	1	In	VDJ												
GGGGGACTYGGCYGTGTATSTCTGTGCCAGCAGCTCAGGCAGCCTTAATTCACCCCTCCACTTTGGGAAC	CASSSGSLNSPLHF	1	0.009656347628514627	42		unresolved			TCRBV07,TCRBV11				unresolved			TCRBD01,TCRBD02			TCRBJ01-06*01	TCRBJ01	TCRBJ01-06	01				4	6	4	4	0	6	18	-1	31	35	41	1	In	VDJ												
TCAGGAGACACAGCACGGTATTTCTGTGCCAGCAGCGGTGTCAGGCATGCCTGAGTGAAAGACCTATGGCTACACCTTCGGTTCG		1	0.009514342516330588	55	TCRBV21-or09_02*01	TCRBV21	TCRBV21-or09_02	01				TCRBD01-01*01	TCRBD01	TCRBD01-01	01				TCRBJ01-02*01	TCRBJ01	TCRBJ01-02	01				5	18	4	4	5	4	24	36	41	45	63	1	Out	VDJ												
GGACTCGGCCMTSTATCTCTGTGCCAGCAGCCGCAATACGTGGGGGAATGAGCAGTTCTTCGGGCCA	CASSRNTWGNEQFF	1	0.00937233740414655	42		unresolved			TCRBV05,TCRBV11							TCRBD01,TCRBD02	TCRBD01-01,TCRBD02-01		TCRBJ02-01*01	TCRBJ02	TCRBJ02-01	01				4	0	6	1	10	7	19	31	41	-1	46	1	In	VDJ												
CAGAACTGGAGGATTCTGGAGTTTATTTCTGTGCCAGCAGCCAAGATGCTAGCTGGGGCCCCTACAATGAGCAGTTCTTCGGGCCA	CASSQDASWGPYNEQFF	1	0.008946322067594433	51	TCRBV14-01*01	TCRBV14	TCRBV14-01	01								TCRBD01,TCRBD02	TCRBD01-01,TCRBD02-01		TCRBJ02-01*01	TCRBJ02	TCRBJ02-01	01				0	1	7	0	8	2	29	46	54	59	60	1	In	VDJ												
GACTCGGCCGTGTATGTCTGTGCCAGCAGGTGGCGGGAGGGCGCCGGGGAGCTGTTTTTTGGAGAA	CASRWREGAGELFF	1	0.008804316955410394	42	TCRBV11-03*01	TCRBV11	TCRBV11-03	01				TCRBD02-01*02	TCRBD02	TCRBD02-01	02				TCRBJ02-02*01	TCRBJ02	TCRBJ02-02	01				6	2	7	0	3	6	18	29	32	41	43	1	In	VDJ												
CCTCCCAGACATCTGTGTACTTGTGTGCCAGCAGTGAAGGAGGGGTTGGCTACACCTTCGGTTCG	CASSEGGVGYTF	1	0.008804316955410394	36	TCRBV06-01*01	TCRBV06	TCRBV06-01	01								TCRBD01,TCRBD02	TCRBD01-01,TCRBD02-01		TCRBJ01-02*01	TCRBJ01	TCRBJ01-02	01				1	1	5	2	1	7	23	39	40	45	46	1	In	VDJ												
CAAAAGAACCCGACAGCTTTCTATCTCTGTGCCAGTAGTATGACCGGAGCCAAAAACATTCAGTACTTCGGCGCC	CASSMTGAKNIQYF	1	0.008804316955410394	42	TCRBV19-01	TCRBV19	TCRBV19-01				01,02					TCRBD01,TCRBD02	TCRBD01-01,TCRBD02-01		TCRBJ02-04*01	TCRBJ02	TCRBJ02-04	01				3	3	2	7	0	0	27	-1	41	44	47	1	In	VDJ												
GGACTCGGCCSTSTATSTCTGTGCCAGCAGCTTGTTCAAGAGAGGGAACACTGAAGCTTTCTTTGGACAA	CASSLFKRGNTEAFF	1	0.008662311843226356	45		unresolved			TCRBV05,TCRBV11			TCRBD02-01*02	TCRBD02	TCRBD02-01	02				TCRBJ01-01*01	TCRBJ01	TCRBJ01-01	01				3	0	11	1	8	1	18	32	40	-1	44	1	In	VDJ												
GACTCGGCCGTGTATGTCTGTGCCAGCAGCTTGGCGGGGGCTGGAAACACCATATATTTTGGAGAG	CASSLAGAGNTIYF	1	0.008662311843226356	42	TCRBV11-03*01	TCRBV11	TCRBV11-03	01				TCRBD02-01*01	TCRBD02	TCRBD02-01	01				TCRBJ01-03*01	TCRBJ01	TCRBJ01-03	01				3	0	7	2	1	2	18	32	33	-1	40	1	In	VDJ												
GGGGGACTTGGCTGTGTATCTCTGTGCCAGCAGCTTAATTCGGGGGCAGACTGAAGCTTTCTTTGGACAA	CASSLIRGQTEAFF	1	0.00823629650667424	42	TCRBV07-01*01	TCRBV07	TCRBV07-01	01								TCRBD01,TCRBD02	TCRBD01-01,TCRBD02-01		TCRBJ01-01*01	TCRBJ01	TCRBJ01-01	01				4	2	6	0	6	5	22	35	41	47	49	1	In	VDJ												
AGCTTGGTGACTCTGCTGTGTATTTCTGTGCCAGCAGCGGCTTTGTTCCCATTTCCTCCGACAATGAGAAGTTCTTCGGGCCA	CASSGFVPISSDNEKFF	1	0.00823629650667424	51	TCRBV03	TCRBV03				TCRBV03-01,TCRBV03-02		TCRBD01-01*01	TCRBD01	TCRBD01-01	01				TCRBJ02-01*01	TCRBJ02	TCRBJ02-01	01				5	6	2	6	21	14	26	38	59	63	69	1	In	VDJ												
GACTCGGCCGTGTATGTCTGTGCCAGCACCCCCTGGGGATCCGAAGAGACCCAGTACTTCGGGCCA	CASTPWGSEETQYF	1	0.008094291394490201	42	TCRBV11-03*01	TCRBV11	TCRBV11-03	01								TCRBD01,TCRBD02	TCRBD01-01,TCRBD02-01		TCRBJ02-05*01	TCRBJ02	TCRBJ02-05	01				7	4	0	8	7	3	18	28	35	39	43	1	In	VDJ												
CGAGGAGATTCGGCAGCTTATTTCTGTGCCAGCTCATCCCGGGACAGGCAAAATTCACCCCTCCACTTTGGGAAC	CASSSRDRQNSPLHF	1	0.008094291394490201	45	TCRBV18-01*01	TCRBV18	TCRBV18-01	01				TCRBD01-01*01	TCRBD01	TCRBD01-01	01				TCRBJ01-06*01	TCRBJ01	TCRBJ01-06	01				5	3	0	4	4	7	24	36	40	48	51	1	In	VDJ												
CACCAACCAGACATCTATGTACCTCTGTGCCAGCAGTTTCCGCCCGGGACAGGGAATCAGCCCCAGCATTTTGGTGAT		1	0.008094291394490201	47	TCRBV28-01*01	TCRBV28	TCRBV28-01	01				TCRBD01-01*01	TCRBD01	TCRBD01-01	01				TCRBJ01-05*01	TCRBJ01	TCRBJ01-05	01				3	0	0	3	6	4	25	39	45	-1	54	1	Out	VDJ												
GACTCGGCCGTGTATGTCTGTGCCAGCAGCTTGTATGGGATGGGGGAGACCCAGTACTTCGGGCCA	CASSLYGMGETQYF	1	0.007952286282306162	42	TCRBV11-03*01	TCRBV11	TCRBV11-03	01								TCRBD01,TCRBD02	TCRBD01-01,TCRBD02-01		TCRBJ02-05*01	TCRBJ02	TCRBJ02-05	01				3	5	0	8	4	5	18	32	36	40	45	1	In	VDJ												
CWCMRGMSAMACAGCWYKGTAYTTCTGTGCTAGCAGTCCGGGACTAGCGGGAGGAAATGAGCAGTTCTTCGGGCCA	CASSPGLAGGNEQFF	1	0.007952286282306162	45		unresolved			TCRBV21,TCRBV22			TCRBD02-01*02	TCRBD02	TCRBD02-01	02				TCRBJ02-01*01	TCRBJ02	TCRBJ02-01	01				13	1	0	1	11	7	25	28	39	54	55	1	In	VDJ												
CAAAAGAACCCGACAGCTTTCTATCTCTGTGCCAGTAGTGACGGCATATTTCGGAACGTCGACTATGGCTACACCTTCGGTTCG	CASSDGIFRNVDYGYTF	1	0.007810281170122124	51	TCRBV19-01	TCRBV19	TCRBV19-01				01,02					TCRBD01,TCRBD02	TCRBD01-01,TCRBD02-01		TCRBJ01-02*01	TCRBJ01	TCRBJ01-02	01				5	6	1	8	13	3	27	39	52	55	61	1	In	VDJ												
CAAAAGAACCCGACAGCTTTCTATCTCTGTGCCAGTAGTACTACAGGGGGCCATCAGTCCCAGCATTTTGGTGAT	CASSTTGGHQSQHF	1	0.007810281170122124	42	TCRBV19-01	TCRBV19	TCRBV19-01				01,02	TCRBD01-01*01	TCRBD01	TCRBD01-01	01				TCRBJ01-05*01	TCRBJ01	TCRBJ01-05	01				4	7	3	0	2	11	27	40	42	51	58	1	In	VDJ												
GAGGGACTCAGCCGTGTATCTCTACACCAGCAGCCCCTTCGACCTGCAGACCTCGCGAACACCGGGGAGCTGTTTTTTGGAGAA		1	0.007668276057938086	56	TCRBV17-01*01	TCRBV17	TCRBV17-01	01								TCRBD01,TCRBD02	TCRBD01-01,TCRBD02-01		TCRBJ02-02*01	TCRBJ02	TCRBJ02-02	01				10	12	2	7	14	0	22	26	40	43	55	1	Out	VDJ												
CCCTGAAGACAGCAGCATATATCTCTGCAGCGTTGACCCTCGCCTGAGCAATCAGCCCCAGCATTTTGGTGAT	CSVDPRLSNQPQHF	1	0.007668276057938086	42	TCRBV29-01*01	TCRBV29	TCRBV29-01	01								TCRBD01,TCRBD02	TCRBD01-01,TCRBD02-01		TCRBJ01-05*01	TCRBJ01	TCRBJ01-05	01				3	3	10	0	5	1	25	36	41	43	46	1	In	VDJ												
CCTCCCAGACATCTGTGTACTTGTGTGCCAGCAGTCAAGACCACAGCTCCTACAATGAGCAGTTCTTCGGGCCA	CASSQDHSSYNEQFF	1	0.007526270945754047	45	TCRBV06-08*01	TCRBV06	TCRBV06-08	01				TCRBD01-01*01	TCRBD01	TCRBD01-01	01				TCRBJ02-01*01	TCRBJ02	TCRBJ02-01	01				5	0	3	5	7	0	23	35	42	-1	46	1	In	VDJ												
CCCAACCAGACAGCTCTTTACTTCTGTGCCAGCACCCAAGGGACTTCCCGGGGGGAGCAGTTCTTCGGGCCA	CASTQGTSRGEQFF	1	0.007526270945754047	42	TCRBV24	TCRBV24				TCRBV24-01,TCRBV24-or09_02		TCRBD02-01	TCRBD02	TCRBD02-01				01,02	TCRBJ02-01*01	TCRBJ02	TCRBJ02-01	01				11	9	0	10	8	10	24	31	39	45	54	1	In	VDJ												
GACTCGGCCGTGTATGTCTGTGCCAGCAGCTACCCGGCTAGCGGATTCTACGAGCAGTACTTCGGGCCG	CASSYPASGFYEQYF	1	0.007384265833570008	45	TCRBV11-03*01	TCRBV11	TCRBV11-03	01				TCRBD02-01	TCRBD02	TCRBD02-01				01,02	TCRBJ02-07*01	TCRBJ02	TCRBJ02-07	01				4	3	4	5	6	3	18	31	37	44	47	1	In	VDJ												
AAYCMRGRGACWCAGCWSKGTATTTYTGTGCCAGCGTGTTGTGGCCAGACTCCTACGAGCAGTACTTCGGGCCG	CASVLWPDSYEQYF	1	0.007384265833570008	42		unresolved			TCRBV12,TCRBV21				unresolved			TCRBD01,TCRBD02			TCRBJ02-07*01	TCRBJ02	TCRBJ02-07	01				12	13	6	6	1	0	26	31	32	36	49	1	In	VDJ												
AACCCAGGGACTCAGCTGTGTATTTTTGTGCCAGCAGTCCCTTTGCCTCCGACTACACCTTCGGTTCG	CASSPFASDYTF	1	0.007384265833570008	36	TCRBV12	TCRBV12				TCRBV12-03,TCRBV12-04						TCRBD01,TCRBD02	TCRBD01-01,TCRBD02-01		TCRBJ01-02*01	TCRBJ01	TCRBJ01-02	01				5	0	2	8	12	10	26	38	50	-1	52	1	In	VDJ												
GACTCGGCCGTGTATGTCTGTGCCAGCAGCTTGAGGGGGCGCAGGGGCTACGAGCAGTACTTCGGGCCG	CASSLRGRRGYEQYF	1	0.0072422607213859696	45	TCRBV11-03*01	TCRBV11	TCRBV11-03	01				TCRBD01-01*01	TCRBD01	TCRBD01-01	01				TCRBJ02-07*01	TCRBJ02	TCRBJ02-07	01				3	7	5	0	1	3	18	32	33	40	47	1	In	VDJ												
CTCCCTCYCAGACWTCTGTKTACTTSTGTGCCAGCAGTGAAGCGTGGGGGAGAGACACTGAAGCTTTCTTTGGACAA	CASSEAWGRDTEAFF	1	0.0072422607213859696	45	TCRBV06	TCRBV06	unresolved			TCRBV06-01,TCRBV06-07						TCRBD01,TCRBD02	TCRBD01-01,TCRBD02-01		TCRBJ01-01*01	TCRBJ01	TCRBJ01-01	01				0	4	6	1	2	3	23	40	42	47	51	1	In	VDJ												
CAGAACTGGAGGATTCTGGAGTTTATTTCTGTGCCAGCAGCCAGAGGAACACTGAAGCTTTCTTTGGACAA	CASSQRNTEAFF	1	0.0072422607213859696	36	TCRBV14-01*01	TCRBV14	TCRBV14-01	01				TCRBD02-01*02	TCRBD02	TCRBD02-01	02				TCRBJ01-01*01	TCRBJ01	TCRBJ01-01	01				3	0	11	2	0	1	29	-1	43	-1	46	1	In	VDJ												
CAGAACTGGAGGATTCTGGAGTTTATTTCTGTGCCAGCAGCCCAACAGGGGCCACTAATGAAAAACTGTTTTTTGGCAGT	CASSPTGATNEKLFF	1	0.007100255609201931	45	TCRBV14-01*01	TCRBV14	TCRBV14-01	01				TCRBD01-01*01	TCRBD01	TCRBD01-01	01				TCRBJ01-04*01	TCRBJ01	TCRBJ01-04	01				4	2	3	2	2	2	29	42	44	51	53	1	In	VDJ												
CAAAAGAACCCGACAGCTTTCTATCTCTGTGCCAGTAGTATGAGGGACGGGATTGAGCAGTTCTTCGGGCCA	CASSMRDGIEQFF	1	0.007100255609201931	39	TCRBV19-01	TCRBV19	TCRBV19-01				01,02					TCRBD01,TCRBD02	TCRBD01-01,TCRBD02-01		TCRBJ02-01*01	TCRBJ02	TCRBJ02-01	01				3	5	0	7	2	9	27	41	43	48	53	1	In	VDJ												
ATCCTGAAGACAGCAGCTTCTACATCTGCAGTGCTAGAGGGGACAGAAAATGAAAAACTGTTTTTTGGCAGT		1	0.007100255609201931	40	TCRBV20	TCRBV20				TCRBV20-01,TCRBV20-or09_02		TCRBD01-01*01	TCRBD01	TCRBD01-01	01				TCRBJ01-04*01	TCRBJ01	TCRBJ01-04	01				1	2	0	5	0	5	26	-1	39	46	48	1	Out	VDJ												
CCTCCCAGACATCTGTGTACTTGTGTGCCATCAGTGATGGGGGGACCACTGAAGTTTTCTTTGGACAA	CAISDGGTTEVFF	1	0.006958250497017893	39					TCRBV06,TCRBV10	TCRBV06-08,TCRBV10-03		TCRBD02-01*01	TCRBD02	TCRBD02-01	01				TCRBJ01-01*01	TCRBJ01	TCRBJ01-01	01				5	11	9	1	3	13	23	35	38	44	55	1	In	VDJ												
GACTCGGCCGTGTATGTCTGTGCCAGCAGCTTAGGGCCGGCGGGAACCTACGAGCAGTACTTCGGGCCG	CASSLGPAGTYEQYF	1	0.006816245384833854	45	TCRBV11-03*01	TCRBV11	TCRBV11-03	01				TCRBD02-01*02	TCRBD02	TCRBD02-01	02				TCRBJ02-07*01	TCRBJ02	TCRBJ02-07	01				1	1	7	3	5	2	18	34	39	45	46	1	In	VDJ												
GACTCGGCCGTGTATGTCTGTGCCAGCACGCAAGGTTGGCAGGGGGGGACTGAAGCTTTCTTTGGACAA	CASTQGWQGGTEAFF	1	0.006816245384833854	45	TCRBV11-03*01	TCRBV11	TCRBV11-03	01								TCRBD01,TCRBD02	TCRBD01-01,TCRBD02-01		TCRBJ01-01*01	TCRBJ01	TCRBJ01-01	01				7	2	4	1	11	5	18	28	39	46	48	1	In	VDJ												
CCTCCCAGACATCTGTGTACTTGTGTGCCAGCAGTGGGGCTGTGCGGGGCCACTCTGGAAACACCATATATTTTGGAGAG	CASSGAVRGHSGNTIYF	1	0.006816245384833854	51	TCRBV06-08*01	TCRBV06	TCRBV06-08	01				TCRBD02-01*01	TCRBD02	TCRBD02-01	01				TCRBJ01-03*01	TCRBJ01	TCRBJ01-03	01				5	3	7	3	8	0	23	35	43	49	52	1	In	VDJ												
GACTCGGCCGTGTATGTCTGTGCCAGCAGCCCCTTCGGGAGCGGATCACCCCTCCACTTTGGGAAC	CASSPFGSGSPLHF	1	0.006674240272649816	42	TCRBV11-03*01	TCRBV11	TCRBV11-03	01				TCRBD02-01*02	TCRBD02	TCRBD02-01	02				TCRBJ01-06*01	TCRBJ01	TCRBJ01-06	01				5	4	8	2	5	10	18	30	35	41	45	1	In	VDJ												
CCTCCCAGACATCTGTGTACTTGTGTGCCAGCAGCCGGCCAGGGCAGGGACGGGCTTTCTTTGGACAA	CASSRPGQGRAFF	1	0.006390230048281738	39	TCRBV06-08*01	TCRBV06	TCRBV06-08	01								TCRBD01,TCRBD02	TCRBD01-01,TCRBD02-01		TCRBJ01-01*01	TCRBJ01	TCRBJ01-01	01				6	2	0	7	12	11	23	34	46	51	53	1	In	VDJ												
CAAAAGAACCCGACAGCTTTCTATCTCTGTGCCAGTAGTATCCCGCGCTTGGGGTTCCGGGATGAGCAGTTCTTCGGGCCA	CASSIPRLGFRDEQFF	1	0.006390230048281738	48	TCRBV19-01	TCRBV19	TCRBV19-01				01,02					TCRBD01,TCRBD02	TCRBD01-01,TCRBD02-01		TCRBJ02-01*01	TCRBJ02	TCRBJ02-01	01				3	7	6	2	9	8	27	41	50	54	61	1	In	VDJ												
AAYCMRGRGACWCAGCWSKGTATTTYTGTGCCAGCACCTGGGTGGAGACTCCCCCCTGAGAGAGGTGCCTCGGTTCG	CASTWVETPP*ERCL	1	0.006390230048281738	45		unresolved			TCRBV12,TCRBV21			TCRBD02-01	TCRBD02	TCRBD02-01				01,02	TCRBJ01-02*01	TCRBJ01	TCRBJ01-02	01				12	19	2	10	15	18	26	31	46	50	69	1	Stop	VDJ												
CGACTCGGCYGTGTATSTCTGTGTCAGAACCCGGACTTCGGGTTATCAACCTACGAGCAGTACTTCGGGCCG		1	0.0062482249360976995	47		unresolved			TCRBV07,TCRBV12			TCRBD02-01	TCRBD02	TCRBD02-01				01,02	TCRBJ02-07*01	TCRBJ02	TCRBJ02-07	01				7	12	1	10	3	2	19	29	32	37	49	1	Out	VDJ												
GACTCGGCCGTGTATGTCTGTGCCAGCAGCTTACAAACTAGGGTCACTAACTATGGCTACACCTTCGGTTCG	CASSLQTRVTNYGYTF	1	0.006106219823913661	48	TCRBV11-03*01	TCRBV11	TCRBV11-03	01				TCRBD02-01	TCRBD02	TCRBD02-01				01,02	TCRBJ01-02*01	TCRBJ01	TCRBJ01-02	01				2	5	3	8	3	0	18	33	36	41	46	1	In	VDJ												
CTCCCTCYCAGACWTCTGTKTACTTSTGTGCCAGCAGGCCTACTAGCGGGGGCGGGAATGAGCAGTTCTTCGGGCCA	CASRPTSGGGNEQFF	1	0.006106219823913661	45	TCRBV06	TCRBV06	unresolved			TCRBV06-07,TCRBV06-08		TCRBD02-01*01	TCRBD02	TCRBD02-01	01				TCRBJ02-01*01	TCRBJ02	TCRBJ02-01	01				6	4	3	2	4	7	26	37	41	52	56	1	In	VDJ												
CCTCCCAGACATCTGTGTACTTGTGTGCCAGCAGCCCAGACAGGCTACTGGCTGAAGCTTTCTTTGGACAA	CASSPDRLLAEAFF	1	0.005964214711729622	42	TCRBV06-08*01	TCRBV06	TCRBV06-08	01				TCRBD01-01*01	TCRBD01	TCRBD01-01	01				TCRBJ01-01*01	TCRBJ01	TCRBJ01-01	01				6	7	2	4	4	6	23	34	38	44	51	1	In	VDJ												
GACTCGGCCGTGTATGTCTGTGCCAGCAGCTTAGGGGGAGGGCTCACTGAAGCTTTCTTTGGACAA	CASSLGGGLTEAFF	1	0.005822209599545583	42	TCRBV11-03*01	TCRBV11	TCRBV11-03	01				TCRBD02-01*02	TCRBD02	TCRBD02-01	02				TCRBJ01-01*01	TCRBJ01	TCRBJ01-01	01				1	2	9	0	1	4	18	34	35	42	44	1	In	VDJ												
ATCCTGAAGACAGCAGCTTCTACATCTGCAGTGCTAGAGATCCGAACACCATATATTTTGGAGAG	CSARDPNTIYF	1	0.005822209599545583	33	TCRBV20	TCRBV20				TCRBV20-01,TCRBV20-or09_02		TCRBD02-01	TCRBD02	TCRBD02-01				01,02	TCRBJ01-03*01	TCRBJ01	TCRBJ01-03	01				0	0	8	6	2	7	26	40	42	-1	44	1	In	VDJ												
TCAGGAGACACAGCACGGTATTTCTGTGCCAGCAGCCAAGAATCGAGCAATCAGCCCCAGCATTTTGGTGAT	CASSQESSNQPQHF	1	0.005680204487361545	42	TCRBV21-or09_02*01	TCRBV21	TCRBV21-or09_02	01				TCRBD02-01	TCRBD02	TCRBD02-01				01,02	TCRBJ01-05*01	TCRBJ01	TCRBJ01-05	01				1	0	8	6	3	1	24	40	43	-1	45	1	In	VDJ												
CAAAAGAACCCGACAGCTTTCTATCTCTGTGCCAGTAGTATAGGGACTAGCGGATACACCGGGGAGCTGTTTTTTGGAGAA	CASSIGTSGYTGELFF	1	0.005680204487361545	48	TCRBV19-01	TCRBV19	TCRBV19-01				01,02	TCRBD02-01	TCRBD02	TCRBD02-01				01,02	TCRBJ02-02*01	TCRBJ02	TCRBJ02-02	01				1	2	1	5	0	3	27	-1	43	53	55	1	In	VDJ												
GGACTCGGCCSTSTATSTCTGTGCCAGCAGCTTGACCGGGGGCTGGGATGGCTACACCTTCGGTTCG	CASSLTGGWDGYTF	1	0.005396194262993468	42		unresolved			TCRBV05,TCRBV11							TCRBD01,TCRBD02	TCRBD01-01,TCRBD02-01		TCRBJ01-02*01	TCRBJ01	TCRBJ01-02	01				1	4	6	0	3	6	19	34	37	43	47	1	In	VDJ												
GACTCGGCCATGTATCGCTGTGCCAGCAGCTTATCCGGACAGCCCGTGATCCTCTTACGAGCAGTACTTCGGGCCG		1	0.005396194262993468	52	TCRBV07-06*01	TCRBV07	TCRBV07-06	01				TCRBD01-01*01	TCRBD01	TCRBD01-01	01				TCRBJ02-07*01	TCRBJ02	TCRBJ02-07	01				2	13	1	5	3	4	18	33	36	42	55	1	Out	VDJ												
CGAAGCTTGAGGATTCAGCAGTGTATTTTTGTGCCAGCAGCCAACACAGGCTCAAAGGGCGTGAAAAACTGTTTTTTGGCAGT	CASSQHRLKGREKLFF	1	0.0052541891508094294	48	TCRBV16-01	TCRBV16	TCRBV16-01				01,02	TCRBD01-01*01	TCRBD01	TCRBD01-01	01				TCRBJ01-04*01	TCRBJ01	TCRBJ01-04	01				2	11	3	4	1	7	29	44	45	50	61	1	In	VDJ												
CCTCCCAGACATCTGTGTACTTGTGTGCCAGCAGTGATGGTAGGGAGGTGGGGCTACACCTTCGGTTCG		1	0.0052541891508094294	40	TCRBV06-08*01	TCRBV06	TCRBV06-08	01				TCRBD02-01*02	TCRBD02	TCRBD02-01	02				TCRBJ01-02*01	TCRBJ01	TCRBJ01-02	01				5	3	9	1	7	8	23	35	42	48	51	1	Out	VDJ												
CCTCCCAGACATCTGTGTACTTGTGTGCCAGCAGGGCCGACAGGGCGACGAACTATGGCTACACCTTCGGTTCG	CASRADRATNYGYTF	1	0.0052541891508094294	45	TCRBV06-08*01	TCRBV06	TCRBV06-08	01				TCRBD01-01*01	TCRBD01	TCRBD01-01	01				TCRBJ01-02*01	TCRBJ01	TCRBJ01-02	01				6	5	2	3	4	2	23	34	38	45	50	1	In	VDJ												
CAAAAGAACCCGACAGCTTTCTATCTCTGTGCCAGTTAAGGTCGTAAGGACCTCACAGATACGCAGTATTTTGGCCCA	CAS*GRKDLTDTQYF	1	0.0052541891508094294	45	TCRBV19-01	TCRBV19	TCRBV19-01				01,02					TCRBD01,TCRBD02	TCRBD01-01,TCRBD02-01		TCRBJ02-03*01	TCRBJ02	TCRBJ02-03	01				8	2	1	7	11	2	27	36	47	51	53	1	Stop	VDJ												
TCAGGAGACACAGCACGGTATTTCTGTGCCAGCAGCAAACGGACAGGGTTGAACAATGAGCAGTTCTTCGGGCCA	CASSKRTGLNNEQFF	1	0.005112184038625391	45	TCRBV21-or09_02*01	TCRBV21	TCRBV21-or09_02	01				TCRBD01-01*01	TCRBD01	TCRBD01-01	01				TCRBJ02-01*01	TCRBJ02	TCRBJ02-01	01				2	4	1	3	1	5	24	39	40	48	52	1	In	VDJ												
GGACTCGGCCCTCTATCTCTGTGCCAGCAGTCAGGGAGGACAGGGAGGCGGCGGCTACACCTTCGGTTCG	CASSQGGQGGGGYTF	1	0.005112184038625391	45	TCRBV05	TCRBV05				TCRBV05-06,TCRBV05-07		TCRBD01-01*01	TCRBD01	TCRBD01-01	01				TCRBJ01-02*01	TCRBJ01	TCRBJ01-02	01				5	7	1	3	7	8	19	30	37	45	52	1	In	VDJ												
TMAGRAGACWCAGCWSSGTATYTCTGYGCCAGCAGCCCGAGCGGGAGTAATCCCGGGGAGCTGTTTTTTGGAGAA	CASSPSGSNPGELFF	1	0.004970178926441352	45		unresolved			TCRBV01,TCRBV21			TCRBD02-01*02	TCRBD02	TCRBD02-01	02				TCRBJ02-02*01	TCRBJ02	TCRBJ02-02	01				4	5	6	2	2	6	23	36	38	46	51	1	In	VDJ												
GACTCGGCCGTGTATGTCTGTGCCAGCAGCTTCGTGGCGGTCGGCACTGAAGCTTTCTTTGGACAA	CASSFVAVGTEAFF	1	0.004828173814257313	42	TCRBV11-03*01	TCRBV11	TCRBV11-03	01				TCRBD02-01	TCRBD02	TCRBD02-01				01,02	TCRBJ01-01*01	TCRBJ01	TCRBJ01-01	01				3	4	7	5	4	4	18	32	36	40	44	1	In	VDJ												
CAAAAGAACCCGACAGCTTTCTATCTCTGTGCCAGTAGTATCCTATCCTAGCGGGAGAGGGTCAACGCAGTACTTCGGGCCG		1	0.004828173814257313	49	TCRBV19-01	TCRBV19	TCRBV19-01				01,02	TCRBD02-01*02	TCRBD02	TCRBD02-01	02				TCRBJ02-07*01	TCRBJ02	TCRBJ02-07	01				3	9	4	2	6	9	27	41	47	57	66	1	Out	VDJ												
AGCTTGGTGACTCTGCTGTGTATTTCTGTGCCAGCAGCGAGCTTACTCCCTTACACGCACGAAACACCATATATTTTGGAGAG	CASSELTPLHARNTIYF	1	0.004828173814257313	51	TCRBV03	TCRBV03				TCRBV03-01,TCRBV03-02						TCRBD01,TCRBD02	TCRBD01-01,TCRBD02-01		TCRBJ01-03*01	TCRBJ01	TCRBJ01-03	01				5	5	3	6	14	5	26	38	52	55	60	1	In	VDJ												
TCAGGAGACACAGCACGGTATTTCTGTGCCAGCAGTCCCAACGGACAAGACGCTAACTATGGCTACACCTTCGGTTCG	CASSPNGQDANYGYTF	1	0.004686168702073275	48	TCRBV21-or09_02*01	TCRBV21	TCRBV21-or09_02	01				TCRBD01-01*01	TCRBD01	TCRBD01-01	01				TCRBJ01-02*01	TCRBJ01	TCRBJ01-02	01				6	5	1	6	7	0	24	35	42	47	52	1	In	VDJ												
GGGGGACTTGGCTGTGTATCTCTGTGCCAGCAGCCAAGGGGCCCGGGCTACCGGGGAGCTGTTTTTTGGAGAA	CASSQGARATGELFF	1	0.004686168702073275	45	TCRBV07-01*01	TCRBV07	TCRBV07-01	01				TCRBD01-01*01	TCRBD01	TCRBD01-01	01				TCRBJ02-02*01	TCRBJ02	TCRBJ02-02	01				5	8	5	2	2	5	22	34	36	41	49	1	In	VDJ												
CGAGGAGATTCGGCAGCTTATTTCTGTGCCAGCTCACCACCGGGAGTAAGGACTGAAGCTTTCTTTGGACAA	CASSPPGVRTEAFF	1	0.004686168702073275	42	TCRBV18-01*01	TCRBV18	TCRBV18-01	01				TCRBD02-01*02	TCRBD02	TCRBD02-01	02				TCRBJ01-01*01	TCRBJ01	TCRBJ01-01	01				0	5	9	2	0	5	24	-1	41	46	51	1	In	VDJ												
ATCCTGAAGACAGCAGCTTCTACATCTGCAGTGCCCCCCTCTTAGCGGGAGAATCAGATACGCAGTATTTTGGCCCA	CSAPLLAGESDTQYF	1	0.004686168702073275	45	TCRBV20	TCRBV20				TCRBV20-01,TCRBV20-or09_02		TCRBD02-01*02	TCRBD02	TCRBD02-01	02				TCRBJ02-03*01	TCRBJ02	TCRBJ02-03	01				6	3	5	2	8	4	26	34	42	51	54	1	In	VDJ												
AGCTTGGTGACTCTGCTGTGTATTTCTGTGCCAGCAGCCAAGAATTTGGCGGGGGGGGCACCGGGGAGCTGTTTTTTGGAGAA	CASSQEFGGGGTGELFF	1	0.004544163589889236	51	TCRBV03	TCRBV03				TCRBV03-01,TCRBV03-02		TCRBD02-01*01	TCRBD02	TCRBD02-01	01				TCRBJ02-02*01	TCRBJ02	TCRBJ02-02	01				0	1	7	0	5	4	26	43	48	57	58	1	In	VDJ												
GACTCGGCCGTGTATGTCTGTGCCAGCAGCTGGGAGACAGGGAAAGGGTTCGGGAACACTGAAGCTTTCTTTGGACAA	CASSWETGKGFGNTEAFF	1	0.004402158477705197	54	TCRBV11-03*01	TCRBV11	TCRBV11-03	01				TCRBD01-01*01	TCRBD01	TCRBD01-01	01				TCRBJ01-01*01	TCRBJ01	TCRBJ01-01	01				4	11	2	3	4	1	18	31	35	42	53	1	In	VDJ												
GACGCAGCCATGTACCTGTGTGCCACCAGCAGACCGGGACTAGGAGGATTCAATGAGCAGTTCTTCGGGCCA	CATSRPGLGGFNEQFF	1	0.004402158477705197	48	TCRBV15-01*01	TCRBV15	TCRBV15-01	01				TCRBD02-01	TCRBD02	TCRBD02-01				01,02	TCRBJ02-01*01	TCRBJ02	TCRBJ02-01	01				2	7	0	8	2	6	18	33	35	43	50	1	In	VDJ												
CTCCCTCTCAGACTTCTGTTTACTTCTGTGCCAGCAGTCTGACGATGTGTATTTGAAAGACCTATGGCTACACCTTCGGTTCG	CASSLTMCI*KTYGYTF	1	0.004402158477705197	51	TCRBV06-07*01	TCRBV06	TCRBV06-07	01								TCRBD01,TCRBD02	TCRBD01-01,TCRBD02-01		TCRBJ01-02*01	TCRBJ01	TCRBJ01-02	01				5	18	2	7	2	4	26	38	40	43	61	1	Stop	VDJ												
ATCCTGAAGACAGCAGCTTCTACATCTGCAGTGCTAGGGGGACTAACTATGGCTACACCTTCGGTTCG	CSARGTNYGYTF	1	0.004402158477705197	36	TCRBV20	TCRBV20				TCRBV20-01,TCRBV20-or09_02						TCRBD01,TCRBD02	TCRBD01-01,TCRBD02-01		TCRBJ01-02*01	TCRBJ01	TCRBJ01-02	01				3	0	0	8	1	0	26	37	38	-1	42	1	In	VDJ												
TYRGGRGACWCAGCWYKGTATTTCTGTGCCAGCAGTGAAGGGCAGGGCTACGAGCAGTACTTCGGGCCG	CASSEGQGYEQYF	1	0.0042601533655211585	39		unresolved			TCRBV09,TCRBV21			TCRBD01-01*01	TCRBD01	TCRBD01-01	01				TCRBJ02-07*01	TCRBJ02	TCRBJ02-07	01				6	0	4	3	7	3	24	35	42	-1	47	1	In	VDJ												
GACTCGGCCGTGTATGTCTGTGCCAGCAGCCCCTTGGGGACAGGGGGGGGAGAGACCCAGTACTTCGGGCCA	CASSPLGTGGGETQYF	1	0.0042601533655211585	48	TCRBV11-03*01	TCRBV11	TCRBV11-03	01				TCRBD01-01*01	TCRBD01	TCRBD01-01	01				TCRBJ02-05*01	TCRBJ02	TCRBJ02-05	01				5	3	0	1	6	4	18	30	36	47	50	1	In	VDJ												
CAGAAGACTCAGCCCTGTATCTCTGCGCCAGCAGCCAAGAACCCCCCCCTGCGGGGATCCAAGAGACCCAGTACTTCGGGCCA	CASSQEPPPAGIQETQYF	1	0.00411814825333712	54	TCRBV04-01*01	TCRBV04	TCRBV04-01	01				TCRBD02-01*01	TCRBD02	TCRBD02-01	01				TCRBJ02-05*01	TCRBJ02	TCRBJ02-05	01				0	2	7	3	10	1	23	40	50	56	58	1	In	VDJ												
CACCAGCCAAACAGCTTTGTACTTCTGTGCCAGCAGTTTGCTTGGACAGGGATCTGGCTACACCTTCGGTTCG	CASSLLGQGSGYTF	1	0.003976143141153081	42	TCRBV22-01*01	TCRBV22	TCRBV22-01	01				TCRBD01-01*01	TCRBD01	TCRBD01-01	01				TCRBJ01-02*01	TCRBJ01	TCRBJ01-02	01				13	3	1	3	15	7	25	28	43	51	54	1	In	VDJ												
CAAAAGAACCCGACAGCTTTCTATCTCTGTGCCAGTAGTATTGCGGACAGCTACACCTACGAGCAGTACTTCGGGCCG	CASSIADSYTYEQYF	1	0.003976143141153081	45	TCRBV19-01	TCRBV19	TCRBV19-01				01,02	TCRBD01-01*01	TCRBD01	TCRBD01-01	01				TCRBJ02-07*01	TCRBJ02	TCRBJ02-07	01				3	5	1	5	3	2	27	41	44	50	55	1	In	VDJ												
ATCCTGAAGACAGCAGCTTCTACATCTGCAGTGCCCTTAAGGGTGGTACGCAGTATTTTGGCCCA	CSALKGGTQYF	1	0.003976143141153081	33	TCRBV20	TCRBV20				TCRBV20-01,TCRBV20-or09_02						TCRBD01,TCRBD02	TCRBD01-01,TCRBD02-01		TCRBJ02-03*01	TCRBJ02	TCRBJ02-03	01				6	3	5	3	5	8	26	34	39	43	46	1	In	VDJ												
GACTCGGCCGTGTATGTCTGTGCCAGCAGCAACCCGGGACAGGGTGCCGAGCAGTACTTCGGGCCG	CASSNPGQGAEQYF	1	0.003834138028969043	42	TCRBV11-03*01	TCRBV11	TCRBV11-03	01				TCRBD01-01*01	TCRBD01	TCRBD01-01	01				TCRBJ02-07*01	TCRBJ02	TCRBJ02-07	01				5	3	0	3	5	6	18	30	35	44	47	1	In	VDJ												
GACTCGGCCGTGTATGTCTGTGCCAGCAAACAGGACTCTGGGGCCAACGTCCTGACTTTCGGGGCC	CASKQDSGANVLTF	1	0.003834138028969043	42	TCRBV11-03*01	TCRBV11	TCRBV11-03	01				TCRBD01-01*01	TCRBD01	TCRBD01-01	01				TCRBJ02-06*01	TCRBJ02	TCRBJ02-06	01				7	1	3	4	1	0	18	28	29	34	35	1	In	VDJ												
CCTCCTCCCAGACATCTGTATATTTCTGCGCCAGCAGTGAAAGGGGCGGGACAGCACAGATACGCAGTATTTTGGCCCA		1	0.003834138028969043	47	TCRBV10-01	TCRBV10	TCRBV10-01				01,02	TCRBD02-01*02	TCRBD02	TCRBD02-01	02				TCRBJ02-03*01	TCRBJ02	TCRBJ02-03	01				3	1	7	3	5	0	26	40	45	51	52	1	Out	VDJ												
CCTCCCAGACATCTGTGTACTTGTGTGCCAGCAGCCCGGTTGAAGGGGCGGTTGGCAATCAGCCCCAGCATTTTGGTGAT	CASSPVEGAVGNQPQHF	1	0.003834138028969043	51	TCRBV06-08*01	TCRBV06	TCRBV06-08	01				TCRBD01-01*01	TCRBD01	TCRBD01-01	01				TCRBJ01-05*01	TCRBJ01	TCRBJ01-05	01				6	6	5	2	9	2	23	34	43	48	54	1	In	VDJ												
ATCCTGAAGACAGCAGCTTCTACATCTGCAGTGCCAGAGGGACTAGCGGGAGGGGAAATACGCAGTATTTTGGCCCA	CSARGTSGRGNTQYF	1	0.003834138028969043	45	TCRBV20	TCRBV20				TCRBV20-01,TCRBV20-or09_02		TCRBD02-01*02	TCRBD02	TCRBD02-01	02				TCRBJ02-03*01	TCRBJ02	TCRBJ02-03	01				1	3	1	0	0	7	26	-1	39	54	57	1	In	VDJ												
CCCTGAAGACAGCAGCATATATCTCTGCAGCGTTATAGACGTTAGCGGGAGTAGTGAGCAGTACTTCGGGCCG	CSVIDVSGSSEQYF	1	0.003692132916785004	42	TCRBV29-01*01	TCRBV29	TCRBV29-01	01				TCRBD02-01*02	TCRBD02	TCRBD02-01	02				TCRBJ02-07*01	TCRBJ02	TCRBJ02-07	01				5	4	5	2	8	7	25	34	42	51	55	1	In	VDJ												
CACCAACCAGACATCTATGTACCTCTGTGCCAGCAGTATGACACTACGAGCAGTACTTCGGGCCG		1	0.003692132916785004	34	TCRBV28-01*01	TCRBV28	TCRBV28-01	01				TCRBD01-01*01	TCRBD01	TCRBD01-01	01				TCRBJ02-07*01	TCRBJ02	TCRBJ02-07	01				5	0	2	6	2	3	25	37	39	-1	43	1	Out	VDJ												
TCCTCAGTGACTCTGGCTTCTATCTCTGTGCCTGGACGTGGAAGGGTGAAGCTTTCTTTGGACAA	CAWTWKGEAFF	1	0.0035501278046009654	33	TCRBV30-01*02	TCRBV30	TCRBV30-01	02								TCRBD01,TCRBD02	TCRBD01-01,TCRBD02-01		TCRBJ01-01*01	TCRBJ01	TCRBJ01-01	01				4	0	5	3	6	7	26	36	42	-1	46	1	In	VDJ												
CGAGGAGATTCGGCAGCTTATTTCTGTGCCAGCGTCGGGGGAGTGAGCACTGAAGCTTTCTTTGGACAA	CASVGGVSTEAFF	1	0.0035501278046009654	39	TCRBV18-01*01	TCRBV18	TCRBV18-01	01				TCRBD02-01*01	TCRBD02	TCRBD02-01	01				TCRBJ01-01*01	TCRBJ01	TCRBJ01-01	01				8	6	8	2	2	4	24	33	35	41	47	1	In	VDJ												
TCRGGRGACWCAGCWSKGTATYTCTGTGCCAGCAGCTTAACGAAGTCGGGACAGGGGATCTTGAACACTGAAGCTTTCTTTGGACAA	CASSLTKSGQGILNTEAFF	1	0.003408122692416927	57		unresolved			TCRBV07,TCRBV21			TCRBD01-01*01	TCRBD01	TCRBD01-01	01				TCRBJ01-01*01	TCRBJ01	TCRBJ01-01	01				5	4	0	2	11	0	24	36	47	57	61	1	In	VDJ												
TCAGGAGACACAGCACGGTATTTCTGTGCCAGCAGCGTAGGGGGGACAAACTACGAGCAGTACTTCGGGCCG	CASSVGGTNYEQYF	1	0.003408122692416927	42	TCRBV21-or09_02*01	TCRBV21	TCRBV21-or09_02	01								TCRBD01,TCRBD02	TCRBD01-01,TCRBD02-01		TCRBJ02-07*01	TCRBJ02	TCRBJ02-07	01				5	2	0	6	6	3	24	36	42	48	50	1	In	VDJ												
CCTCCCAGACATCTGTGTACTTGTGTGCCAGCAGGGACCTTACAGAGGGCTACATCTTCGGTTCG	CASRDLTEGYIF	1	0.003408122692416927	36	TCRBV06-08*01	TCRBV06	TCRBV06-08	01				TCRBD02-01*02	TCRBD02	TCRBD02-01	02				TCRBJ01-02*01	TCRBJ01	TCRBJ01-02	01				6	6	11	0	10	16	23	34	44	49	55	1	In	VDJ												
CAAAAGAACCCGACAGCTTTCTATCTCTGTGCCAGTAGTATTGGGGGATTCGGGGAGCTGTTTTTTGGAGAA	CASSIGGFGELFF	1	0.003408122692416927	39	TCRBV19-01	TCRBV19	TCRBV19-01				01,02					TCRBD01,TCRBD02	TCRBD01-01,TCRBD02-01		TCRBJ02-02*01	TCRBJ02	TCRBJ02-02	01				3	3	6	1	1	7	27	41	42	47	50	1	In	VDJ												
CAAAAGAACCCGACAGCTTTCTATCTCTGTGCCAGTAGTATAGATGGGCTAGCGGGGGCTGATGAGCAGTTCTTCGGGCCA	CASSIDGLAGADEQFF	1	0.003408122692416927	48	TCRBV19-01	TCRBV19	TCRBV19-01				01,02	TCRBD02-01*01	TCRBD02	TCRBD02-01	01				TCRBJ02-01*01	TCRBJ02	TCRBJ02-01	01				0	3	4	2	4	8	27	44	48	58	61	1	In	VDJ												
GAGACACGGCACTGTATCTCTGCGCCAGCAGCTTGCTCGGGCACGGGACAGCCTCCGAGCAGTACTTCGGGCCG	CASSLLGHGTASEQYF	1	0.0032661175802328885	48	TCRBV23-01*01	TCRBV23	TCRBV23-01	01				TCRBD01-01*01	TCRBD01	TCRBD01-01	01				TCRBJ02-07*01	TCRBJ02	TCRBJ02-07	01				6	4	0	5	13	6	20	31	44	51	55	1	In	VDJ												
CGAGGAGATTCGGCAGCTTATTTCTGTGCCAGCTCGCCGGACAGGGACACTGAAGCTTTCTTTGGACAA	CASSPDRDTEAFF	1	0.0032661175802328885	39	TCRBV18-01*01	TCRBV18	TCRBV18-01	01				TCRBD01-01*01	TCRBD01	TCRBD01-01	01				TCRBJ01-01*01	TCRBJ01	TCRBJ01-01	01				6	0	1	3	3	3	24	35	38	-1	46	1	In	VDJ												
CGAAGCTTGAGGATTCAGCAGTGTATTTTTGTGCCAGCAGCCAGTCGACAGCGGCCATTCAGTACTTCGGCGCC	CASSQSTAAIQYF	1	0.0032661175802328885	39	TCRBV16-01	TCRBV16	TCRBV16-01				01,02					TCRBD01,TCRBD02	TCRBD01-01,TCRBD02-01		TCRBJ02-04*01	TCRBJ02	TCRBJ02-04	01				3	4	2	5	3	9	29	43	46	51	55	1	In	VDJ												
CCTCCTCCCAGACATCTGTATATTTCTGCGCCAGCAGCGCCCCTCGTGAGCGGCTATGGCTACACCTTCGGTTCG		1	0.0032661175802328885	43	TCRBV10-01	TCRBV10	TCRBV10-01				01,02	TCRBD02-01	TCRBD02	TCRBD02-01				01,02	TCRBJ01-02*01	TCRBJ01	TCRBJ01-02	01				6	0	6	5	11	4	26	37	48	-1	53	1	Out	VDJ												
CCCAACCAGACAGCTCTTTACTTCTGTGCCACCAGCTGGACAGGGGGCACCGGGGAGCTGTTTTTTGGAGAA	CATSWTGGTGELFF	1	0.0032661175802328885	42	TCRBV24	TCRBV24				TCRBV24-01,TCRBV24-or09_02		TCRBD01-01*01	TCRBD01	TCRBD01-01	01				TCRBJ02-02*01	TCRBJ02	TCRBJ02-02	01				7	0	1	1	2	4	24	35	37	-1	47	1	In	VDJ												
AGCACCAACCAGACATCTGTGTATCTCTATGCCAGCAGTTTAATCCGGAGGAACACCGGGGAGCTGTTTTTTGGAGAA	YASSLIRRNTGELFF	1	0.0032661175802328885	45	TCRBV26-01*01	TCRBV26	TCRBV26-01	01				TCRBD02-01*02	TCRBD02	TCRBD02-01	02				TCRBJ02-02*01	TCRBJ02	TCRBJ02-02	01				4	0	10	2	6	1	27	40	46	-1	50	1	In	VDJ												
CCTGAAGACAGCAGCTTCTACATCTGCAGTGCTCCGACCCCGAGGAGCAGGGGGGTTGTGACTAATGAAAAACTGTTTTTTGGCAGT	CSAPTPRSRGVVTNEKLFF	1	0.0031241124680488497	57	TCRBV20	TCRBV20				TCRBV20-01,TCRBV20-or09_02		TCRBD01-01*01	TCRBD01	TCRBD01-01	01				TCRBJ01-04*01	TCRBJ01	TCRBJ01-04	01				5	6	4	1	14	2	24	33	47	54	60	1	In	VDJ												
CCTCCCAGACATCTGTGTACTTGTGTGCCAGCAGTCAGCAGGGAGGTACTGAAGCTTTCTTTGGACAA	CASSQQGGTEAFF	1	0.0031241124680488497	39	TCRBV06-08*01	TCRBV06	TCRBV06-08	01				TCRBD02-01*02	TCRBD02	TCRBD02-01	02				TCRBJ01-01*01	TCRBJ01	TCRBJ01-01	01				5	1	9	1	5	5	23	35	40	46	47	1	In	VDJ												
ATCCTGAAGACAGCAGCTTCTACATCTGCAGTGCTAGACCTATGGGTCAGCCCCAGCATTTTGGTGAT	CSARPMGQPQHF	1	0.0031241124680488497	36	TCRBV20	TCRBV20				TCRBV20-01,TCRBV20-or09_02						TCRBD01,TCRBD02	TCRBD01-01,TCRBD02-01		TCRBJ01-05*01	TCRBJ01	TCRBJ01-05	01				2	0	0	9	5	6	26	38	43	-1	46	1	In	VDJ												
TCAGGAGACACAGCACGGTATTTCTGTGCCAGCAGCGTAGACAAAACTCTGGAAACACCATATATTTTGGAGAG		1	0.002982107355864811	44	TCRBV21-or09_02*01	TCRBV21	TCRBV21-or09_02	01				TCRBD01-01*01	TCRBD01	TCRBD01-01	01				TCRBJ01-03*01	TCRBJ01	TCRBJ01-03	01				5	3	2	6	3	0	24	36	39	43	46	1	Out	VDJ												
GAGGGACTCAGCCGTGTATCTCTACGCCAGCAGCCCAGGACGAGGGAAGGGCTATGGCTACACCTTCGGTTCG	YASSPGRGKGYGYTF	1	0.002982107355864811	45					TCRBV07,TCRBV17	TCRBV07-03,TCRBV17-01		TCRBD02-01*02	TCRBD02	TCRBD02-01	02				TCRBJ01-02*01	TCRBJ01	TCRBJ01-02	01				5	5	11	0	7	4	22	34	41	46	51	1	In	VDJ												
ATCCTGAAGACAGCAGCTTCTACATCTGCAGTGCTAGCCAGGGGGCGGTTTATGGCTACACCTTCGGTTCG	CSASQGAVYGYTF	1	0.002982107355864811	39	TCRBV20	TCRBV20				TCRBV20-01,TCRBV20-or09_02		TCRBD01-01*01	TCRBD01	TCRBD01-01	01				TCRBJ01-02*01	TCRBJ01	TCRBJ01-02	01				3	4	4	0	1	5	26	37	38	46	50	1	In	VDJ												
TCAGGAGACACAGCACGGTATTTCTGTGCCAGCAGCAAAGGAGTAGACTACGAGCAGTACTTCGGGCCG	CASSKGVDYEQYF	1	0.0028401022436807723	39	TCRBV21-or09_02*01	TCRBV21	TCRBV21-or09_02	01				TCRBD02-01	TCRBD02	TCRBD02-01				01,02	TCRBJ02-07*01	TCRBJ02	TCRBJ02-07	01				1	1	5	8	3	3	24	40	43	46	47	1	In	VDJ												
GGACTCGGCCCTTTATCTTTGCGCCAGCAGCTTGGAACAGCCGAACACCGGGGAGCTGTTTTTTGGAGAA	CASSLEQPNTGELFF	1	0.0028401022436807723	45	TCRBV05-01*01	TCRBV05	TCRBV05-01	01				TCRBD01-01*01	TCRBD01	TCRBD01-01	01				TCRBJ02-02*01	TCRBJ02	TCRBJ02-02	01				0	1	3	5	1	0	19	35	36	40	41	1	In	VDJ												
GACTCGGCCGTGTATGTCTGTGCCAGCAGCTTAGTGGTTGGGACTACCCCCTACAATGAGCAGTTCTTCGGGCCA	CASSLVVGTTPYNEQFF	1	0.0028401022436807723	51	TCRBV11-03*01	TCRBV11	TCRBV11-03	01				TCRBD02-01	TCRBD02	TCRBD02-01				01,02	TCRBJ02-01*01	TCRBJ02	TCRBJ02-01	01				1	3	0	9	5	2	18	34	39	46	49	1	In	VDJ												
CACCAACCAGACATCTATGTACCTCTGTGCCAGCAGCCTGTCTCCCGCGTCCATCAGGGGAACTTTCTTTGGACAA	CASSLSPASIRGTFF	1	0.0028401022436807723	45	TCRBV28-01*01	TCRBV28	TCRBV28-01	01				TCRBD01-01*01	TCRBD01	TCRBD01-01	01				TCRBJ01-01*01	TCRBJ01	TCRBJ01-01	01				6	2	4	2	18	12	25	36	54	60	62	1	In	VDJ												
AACCCAGGGACTCAGCTGTGTATTTTTGTGCTAGTGGTTTGTTGGTCAGCTTGAACACTGAAGCTTTCTTTGGACAA	CASGLLVSLNTEAFF	1	0.0028401022436807723	45	TCRBV12-05*01	TCRBV12	TCRBV12-05	01								TCRBD01,TCRBD02	TCRBD01-01,TCRBD02-01		TCRBJ01-01*01	TCRBJ01	TCRBJ01-01	01				2	2	4	5	5	0	26	41	46	49	51	1	In	VDJ												
