aminoAcid	count (templates/reads)	vGeneName	jGeneName
CATGTGGWEQYF	50	TCRBV13-02	TCRBJ02-07
CASSLGGNQDTQYF	66	TCRBV16-01	TCRBJ02-05
CASSPGTTYEQYF	14	TCRBV14-01	TCRBJ02-07
CASGEWD*DTLYF	52	TCRBV13-02	TCRBJ02-04
CASSTGDTGQLYF	19	TCRBV13-02	TCRBJ02-02
CASSPDG*EQYF	20	TCRBV05-01	TCRBJ02-07
CASSTGNSDYTF	42	TCRBV13-01	TCRBJ01-02
	49	TCRBV03-01	TCRBJ01-02
CASSLRGIYEQYF	30	TCRBV12-02	TCRBJ02-07
CASSVGDYAEQFF	15	TCRBV13-01	TCRBJ02-01
CASGTGDYAEQFF	9	TCRBV13-02	TCRBJ02-01
CASSDAYNNQAPLF	25	TCRBV13-01	TCRBJ01-05
CASRRAFSGNTLYF	10	TCRBV14-01	TCRBJ01-03
CASGGSSNSDYTF	34	TCRBV13-03	TCRBJ01-02
	8	TCRBV03-01	TCRBJ02-07
CASGGLGEQYF	8	TCRBV13-02	TCRBJ02-07
	8	TCRBV19-01	TCRBJ02-01
CASGDGGPRLFF	13	TCRBV13-02	TCRBJ01-04
CASSLGGNQDTQYF	18	TCRBV16-01	TCRBJ02-05
CASSLGGGPDTQYF	11	TCRBV16-01	TCRBJ02-05
CASSWGGA*TLYF	17	TCRBV03-01	TCRBJ02-03
CASGTGYEQYF	9	TCRBV13-02	TCRBJ02-07
CASSGPLEQYF	3	TCRBV13-01	TCRBJ02-07
	12	TCRBV04-01	TCRBJ02-01
CASSTHWASNTGQLYF	17	TCRBV03-01	TCRBJ02-02
	7	TCRBV14-01	TCRBJ02-05
CASSAPYEQYF	5	TCRBV13-01	TCRBJ02-07
CASGGDNSGNTLYF	2	TCRBV13-02	TCRBJ01-03
CASGGDWGFYEQYF	6	TCRBV13-02	TCRBJ02-07
CASGVTAYEQYF	5	TCRBV13-02	TCRBJ02-07
CASSQDGEDERLFF	1	TCRBV05-01	TCRBJ01-04
CASGAQDTQYF	7	TCRBV13-02	TCRBJ02-05
CASGGQGEQYF	3	TCRBV13-02	TCRBJ02-07
	1	TCRBV27-01	TCRBJ02-07
CASSAPYEQYF	6	TCRBV13-01	TCRBJ02-07
CASGGGGEQYF	5	TCRBV13-02	TCRBJ02-07
CASSFGTGALEQYF	1	TCRBV14-01	TCRBJ02-07
CASSQDGTGGKEQYF	1	TCRBV02-01	TCRBJ02-07
CASGAPDEQYF	8	TCRBV13-02	TCRBJ02-07
	33	TCRBV26-01	TCRBJ02-03
	8	TCRBV20-01	TCRBJ02-04
	8	TCRBV03-01	TCRBJ01-05
CASGEGLSYEQYF	1	TCRBV13-02	TCRBJ02-07
CASSLGGGQDTQYF	12	TCRBV16-01	TCRBJ02-05
CASGTGDNQAPLF	8	TCRBV13-02	TCRBJ01-05
CASAVQGGDSPLYF	6	TCRBV13-03	TCRBJ01-06
CASGTGGYAEQFF	2	TCRBV13-02	TCRBJ02-01
CASSLEGGREEQYF	5	TCRBV03-01	TCRBJ02-07
	1	TCRBV17-01	TCRBJ02-01
CASSGQGIQDTQYF	5	TCRBV04-01	TCRBJ02-05
	1	TCRBV12-01	TCRBJ02-07
CASGDPDTQYF	6	TCRBV13-02	TCRBJ02-05
CASSDNYAEQFF	6	TCRBV13-01	TCRBJ02-01
	4	TCRBV17-01	TCRBJ02-01
CASSGGGEQYF	4	TCRBV13-02	TCRBJ02-07
	4	TCRBV17-01	TCRBJ02-01
CASSLVDNAETLYF	3	TCRBV12-02	TCRBJ02-03
CASSLGGNQDTQYF	7	TCRBV16-01	TCRBJ02-05
	1	TCRBV03-01	TCRBJ02-02
	1	TCRBV12-01	TCRBJ02-02
*LP*KDPNTGQLYF	1	TCRBV12-03	TCRBJ02-02
	4	TCRBV31-01	TCRBJ02-05
	7	TCRBV02-01	TCRBJ02-05
	1	TCRBV06-01	TCRBJ02-02
CASSLSWGNYAEQFF	1	TCRBV24-01	TCRBJ02-01
	1	TCRBV04-01	TCRBJ02-02
	1	TCRBV15-01	TCRBJ02-05
	1	TCRBV29-01	TCRBJ02-02
HSANTGQLYF	1	TCRBV19-01	TCRBJ02-02
	1	TCRBV29-01	TCRBJ02-02
CASGTGDTQYF	3	TCRBV13-02	TCRBJ02-05
	1	TCRBV27-01	TCRBJ01-03
	1	TCRBV28-01	TCRBJ02-02
	3	TCRBV14-01	TCRBJ02-05
	1	TCRBV14-01	TCRBJ02-02
	1	TCRBV28-01	TCRBJ02-02
CASSDQDTQYF	1	TCRBV03-01	TCRBJ02-05
	1	TCRBV15-01	TCRBJ01-07
CASSFLQGADQDTQYF	5	TCRBV14-01	TCRBJ02-05
CASTPTGALQDTQYF	2	TCRBV14-01	TCRBJ02-05
	2	TCRBV05-01	TCRBJ02-05
	1	TCRBV05-01	TCRBJ02-02
CASSSGGAPDTQYF	5	TCRBV16-01	TCRBJ02-05
	6	TCRBV05-01	TCRBJ02-03
PGYFEEPNTGQLYF	1	TCRBV12-01	TCRBJ02-02
CASSEGTGQLYF	1	TCRBV13-03	TCRBJ02-02
CASSLGLGGLNTQYF	1	TCRBV16-01	TCRBJ02-05
	1	TCRBV29-01	TCRBJ02-02
CASSGHSAETLYF	1	TCRBV12-01	TCRBJ02-03
CASSQDRYAEQFF	2	TCRBV05-01	TCRBJ02-01
CASSSLPNQDTQYF	1	TCRBV03-01	TCRBJ02-05
	5	TCRBV12-01	TCRBJ01-06
CASGTGDTQYF	1	TCRBV13-02	TCRBJ02-05
CASS*DPGLGGAEQFF	6	TCRBV04-01	TCRBJ02-01
	6	TCRBV12-01	TCRBJ01-01
CASSFGWAAETLYF	4	TCRBV14-01	TCRBJ02-03
	4	TCRBV13-02	TCRBJ02-07
CASGTGDTQYF	2	TCRBV13-02	TCRBJ02-05
CASSPRVVFF	5	TCRBV17-01	TCRBJ01-01
CASSLALGGRQNTLYF	1	TCRBV16-01	TCRBJ02-04
	1	TCRBV22-01	TCRBJ02-02
	3	TCRBV19-01	TCRBJ02-01
	1	TCRBV08-01	TCRBJ02-02
	1	TCRBV15-01	TCRBJ02-03
	2	TCRBV04-01	TCRBJ01-06
	4	TCRBV13-02	TCRBJ02-07
	1	TCRBV17-01	TCRBJ01-01
	1	TCRBV17-01	TCRBJ01-01
	2	TCRBV24-01	TCRBJ01-06
	1	TCRBV07-01	TCRBJ01-01
CASGDAVTEVFF	1	TCRBV13-02	TCRBJ01-01
	1	TCRBV14-01	TCRBJ01-01
CASSRKGVQDTQYF	1	TCRBV17-01	TCRBJ02-05
	1	TCRBV17-01	TCRBJ01-01
CASSLGQGNTEVFF	1	TCRBV24-01	TCRBJ01-01
LMAGRVFF	5	TCRBV17-01	TCRBJ01-01
DWTAYDTISNERLFF	1	TCRBV15-01	TCRBJ01-04
CASSAPYEQYF	18	TCRBV13-01	TCRBJ02-07
	4	TCRBV03-01	TCRBJ02-07
CASQGVTEVFF	5	TCRBV13-01	TCRBJ01-01
	1	TCRBV12-01	TCRBJ01-01
	6	TCRBV13-02	TCRBJ02-07
CASSLLTGGGYEQYF	3	TCRBV03-01	TCRBJ02-07
	1	TCRBV20-01	TCRBJ01-01
	5	TCRBV03-01	TCRBJ02-03
	6	TCRBV16-01	TCRBJ02-05
CASGDGGPRVFF	2	TCRBV13-02	TCRBJ01-01
	1	TCRBV27-01	TCRBJ01-01
GKHTL*TANTGQLYF	1	TCRBV09-01	TCRBJ02-02
	1	TCRBV26-01	TCRBJ01-01
	5	TCRBV03-01	TCRBJ02-03
	4	TCRBV13-02	TCRBJ02-07
	5	TCRBV16-01	TCRBJ02-05
RVPTWNLPNTGQLYF	1	TCRBV15-01	TCRBJ02-02
	4	TCRBV13-02	TCRBJ02-07
	4	TCRBV16-01	TCRBJ02-05
	4	TCRBV16-01	TCRBJ02-05
	6	TCRBV13-02	TCRBJ01-04
CASSQTGGEVFF	1	TCRBV04-01	TCRBJ01-01
	4	TCRBV03-01	TCRBJ02-07
	4	TCRBV13-02	TCRBJ02-07
CASSLGGNQDTQYF	4	TCRBV16-01	TCRBJ02-05
	4	TCRBV13-02	TCRBJ02-07
	1	TCRBV22-01	
CASSLLGVYEQYF	1	TCRBV12-01	TCRBJ02-07
CATGTGGWEQYF	3	TCRBV13-02	TCRBJ02-07
	3	TCRBV09-01	TCRBJ02-04
CASGTGYEQYF	1	TCRBV13-02	TCRBJ02-07
	5	TCRBV16-01	TCRBJ02-05
CATGTGDYAEQFF	4	TCRBV13-02	TCRBJ02-01
CASGGEGEQYF	3	TCRBV13-02	TCRBJ02-07
	1	TCRBV03-01	TCRBJ02-07
	6	TCRBV13-02	TCRBJ02-07
CASGTGDYAEQFF	3	TCRBV13-02	TCRBJ02-01
	1	TCRBV17-01	TCRBJ01-01
CASSTGDTGQLYF	3	TCRBV13-02	TCRBJ02-02
CASSTGDTGQLYF	1	TCRBV13-02	TCRBJ02-02
	6	TCRBV13-03	TCRBJ01-02
CASSLGDGGTEVFF	1	TCRBV16-01	TCRBJ01-01
	4	TCRBV03-01	TCRBJ02-07
	4	TCRBV13-02	TCRBJ02-07
CASGGQGEQYF	2	TCRBV13-02	TCRBJ02-07
	1	TCRBV05-01	TCRBJ01-04
CASGTGDYAEQFF	2		TCRBJ02-01
CASSGPTEVFF	2	TCRBV13-01	TCRBJ01-01
	4	TCRBV16-01	TCRBJ02-05
	2	TCRBV16-01	TCRBJ02-05
	2	TCRBV13-02	TCRBJ02-07
	5	TCRBV04-01	TCRBJ02-01
	6	TCRBV13-03	TCRBJ01-02
CASSDAYSNQAPLF	2	TCRBV13-01	TCRBJ01-05
CASGTGDYAEQFF	2	TCRBV13-02	TCRBJ02-01
CASGAPDEQYF	4	TCRBV13-02	TCRBJ02-07
CASGGGGKQYF	2	TCRBV13-02	TCRBJ02-07
	2	TCRBV13-01	TCRBJ02-07
	2	TCRBV16-01	TCRBJ02-05
	3	TCRBV16-01	TCRBJ02-05
CASGAPYEQYF	4	TCRBV13-02	TCRBJ02-07
	3	TCRBV13-02	TCRBJ01-04
CASSPLDTSYNSPLYF	3	TCRBV12-01	TCRBJ01-06
	5	TCRBV13-02	TCRBJ02-07
	2	TCRBV13-02	TCRBJ02-02
CGARGQGESQNTLYF	5	TCRBV20-01	TCRBJ02-04
QKTAYDTISNERLFF	2	TCRBV15-01	TCRBJ01-04
	2	TCRBV13-02	TCRBJ02-01
	6	TCRBV12-02	TCRBJ02-07
	3	TCRBV16-01	TCRBJ02-05
	4	TCRBV13-02	TCRBJ02-07
CASGEWD*DTLYF	5	TCRBV13-02	TCRBJ02-04
CASSLDRGNSDYTF	2	TCRBV03-01	TCRBJ01-02
CASSLGGGPDTQYF	2	TCRBV16-01	TCRBJ02-05
	4	TCRBV04-01	TCRBJ02-01
	4	TCRBV13-02	TCRBJ02-07
	3	TCRBV16-01	TCRBJ02-05
	4	TCRBV16-01	TCRBJ02-05
RASSVGDYAEQFF	2	TCRBV13-01	TCRBJ02-01
CASGVRVEQYF	3	TCRBV13-02	TCRBJ02-07
CASGTGYEQYF	5	TCRBV13-02	TCRBJ02-07
CASGGGDYAEQFF	4	TCRBV13-02	TCRBJ02-01
CASSPRGSNSDYTF	1	TCRBV12-01	TCRBJ01-02
	1	TCRBV15-01	TCRBJ02-07
	1	TCRBV15-01	TCRBJ02-02
CASSETGSNTGQLYF	2	TCRBV13-03	TCRBJ02-02
CASNSGNTLYF	2	TCRBV13-02	TCRBJ01-03
CASSDSYNNQAPLF	2	TCRBV13-01	TCRBJ01-05
CASGSPTEQYF	1	TCRBV13-01	TCRBJ02-07
	1	TCRBV29-01	TCRBJ02-02
RGKRLEPNTGQLYF	1	TCRBV14-01	TCRBJ02-02
	3	TCRBV05-01	TCRBJ01-04
LEGTNTGQLYF	1	TCRBV16-01	TCRBJ02-02
	1	TCRBV13-03	TCRBJ01-02
	1	TCRBV29-01	TCRBJ02-02
	1	TCRBV15-01	TCRBJ02-03
	1	TCRBV31-01	TCRBJ02-02
CASSQD*LGDSYEQYF	2	TCRBV05-01	TCRBJ02-07
CGARADWGGSQNTLYF	2	TCRBV20-01	TCRBJ02-04
	1	TCRBV26-01	TCRBJ01-04
	1	TCRBV13-02	TCRBJ02-02
	3	TCRBV19-01	TCRBJ02-02
CASGDGYPNLYF	2	TCRBV13-02	TCRBJ02-04
CASSDKGQGWDTLYF	3	TCRBV13-03	TCRBJ02-04
AHLIALSQNTLYF	1	TCRBV27-01	TCRBJ02-04
	1	TCRBV27-01	TCRBJ02-02
	1	TCRBV28-01	TCRBJ02-02
	1	TCRBV04-01	TCRBJ01-03
	6	TCRBV16-01	TCRBJ02-05
	1	TCRBV15-01	TCRBJ01-02
CASSPTGDQDTQYF	2	TCRBV02-01	TCRBJ02-05
CASGQQGSQNTLYF	1	TCRBV13-02	TCRBJ02-04
CASARDNYNSPLYF	1	TCRBV04-01	TCRBJ01-06
GVPTL*TANTGQLYF	1	TCRBV09-01	TCRBJ02-02
	1	TCRBV18-01	TCRBJ02-02
AESQTSSNTEVFF	1	TCRBV09-01	TCRBJ01-01
	1	TCRBV17-01	TCRBJ01-01
CHQFTLGANTEVFF	1	TCRBV14-01	TCRBJ01-01
	1	TCRBV13-03	TCRBJ01-01
GTHLL*GANTEVFF	1	TCRBV14-01	TCRBJ01-01
	1	TCRBV12-03	TCRBJ01-01
EDLALMGANTEVFF	1	TCRBV26-01	TCRBJ01-01
*GSQELTNTGQLYF	1	TCRBV20-01	TCRBJ02-02
	1	TCRBV03-01	TCRBJ01-01
*QGVLIEGTNTGQLYF	1	TCRBV28-01	TCRBJ02-02
	1	TCRBV05-01	TCRBJ01-01
SLRLAGPNTEVFF	1	TCRBV12-03	TCRBJ01-01
RATNGRCANTGQLYF	1	TCRBV03-01	TCRBJ02-02
	1	TCRBV05-01	TCRBJ01-01
CASSLVAFTEVFF	4	TCRBV14-01	TCRBJ01-01
	1	TCRBV17-01	TCRBJ01-01
ESWNNMANTEVFF	1	TCRBV12-01	TCRBJ01-01
FSGLSTANTEVFF	1	TCRBV21-01	TCRBJ01-01
PLAGPNTEVFF	1	TCRBV12-03	TCRBJ01-01
TAPSLEGTNTGQLYF	1	TCRBV16-01	TCRBJ02-02
	2	TCRBV20-01	TCRBJ02-04
CASSLEGWHTEVFF	1	TCRBV12-01	TCRBJ01-01
CASSDNYAEQFF	1	TCRBV13-01	TCRBJ02-01
CASSDSYNNQAPLF	1	TCRBV13-01	TCRBJ01-05
CASGGGGEQYF	1	TCRBV13-02	TCRBJ02-07
CASSLTGVFEQYF	1	TCRBV15-01	TCRBJ02-07
	1	TCRBV12-01	TCRBJ01-01
	1	TCRBV15-01	TCRBJ02-07
CASGGGEEQYF	3	TCRBV13-02	TCRBJ02-07
	1	TCRBV27-01	TCRBJ02-04
AATAYDTISNERLFF	1	TCRBV15-01	TCRBJ01-04
LCQQSVRGYTEVFF	2	TCRBV26-01	TCRBJ01-01
CASSLGGNQDTQYF	1	TCRBV16-01	TCRBJ02-05
CATGTGGWEQYF	3	TCRBV13-02	TCRBJ02-07
	2	TCRBV12-02	TCRBJ02-07
	1	TCRBV12-03	TCRBJ01-01
CASGDNYAEQFF	1	TCRBV13-01	TCRBJ02-01
	3	TCRBV16-01	TCRBJ02-05
CASSLGGNQDTQYF	2	TCRBV16-01	TCRBJ02-05
	3	TCRBV13-02	TCRBJ02-07
	2	TCRBV13-03	TCRBJ01-02
CASS*RGWAEQFF	5	TCRBV04-01	TCRBJ02-01
CASSLGGGKDTQYF	2	TCRBV16-01	TCRBJ02-05
CASSTGDTGQLYF	2	TCRBV13-02	TCRBJ02-02
CASGGLGEQYF	2	TCRBV13-02	TCRBJ02-07
	2	TCRBV13-02	TCRBJ02-07
	2	TCRBV20-01	TCRBJ02-04
	4	TCRBV16-01	TCRBJ02-05
CASGGDWGFYEQYF	2	TCRBV13-02	TCRBJ02-07
	2	TCRBV05-01	TCRBJ01-04
CASGGSSISDYTF	2	TCRBV13-03	TCRBJ01-02
CASGGSSNSDYTF	3	TCRBV13-03	TCRBJ01-02
CASGAQDTQYF	2	TCRBV13-02	TCRBJ02-05
	2	TCRBV20-01	TCRBJ02-04
	3	TCRBV03-01	TCRBJ01-02
CASSLGGGQDTQYF	3	TCRBV16-01	TCRBJ02-05
	2	TCRBV19-01	TCRBJ02-01
	5	TCRBV13-02	TCRBJ02-07
CASSAGDNQAPLF	3	TCRBV13-02	TCRBJ01-05
	1	TCRBV12-01	TCRBJ02-07
CASGDGDIQAPLF	1	TCRBV13-02	TCRBJ01-05
	2	TCRBV24-01	TCRBJ02-07
CASGTGDNQAPLF	2	TCRBV13-02	TCRBJ01-05
CASTDRNYAEQFF	1	TCRBV17-01	TCRBJ02-01
CASSSRGPNERLFF	1	TCRBV04-01	TCRBJ01-04
CASGTGDNQAPLF	2	TCRBV13-02	TCRBJ01-05
CASSDSYNNQAPLF	2	TCRBV13-01	TCRBJ01-05
	1	TCRBV24-01	TCRBJ02-02
	1	TCRBV29-01	TCRBJ02-02
CASSLGGGGDTQYF	2	TCRBV16-01	TCRBJ02-05
CAWSRLGDNYAEQFF	1	TCRBV31-01	TCRBJ02-01
CASRHRGPQDTQYF	1	TCRBV13-01	TCRBJ02-05
	1	TCRBV02-01	TCRBJ01-05
	1	TCRBV27-01	TCRBJ01-07
CASSWTGNNERLFF	1	TCRBV04-01	TCRBJ01-04
RL*STNTGQLYF	1	TCRBV12-02	TCRBJ02-02
	1	TCRBV20-01	TCRBJ01-04
	1	TCRBV15-01	TCRBJ01-06
CASSPRQISNERLFF	1	TCRBV16-01	TCRBJ01-04
	1	TCRBV27-01	TCRBJ02-01
	1	TCRBV24-01	TCRBJ02-02
	1	TCRBV26-01	TCRBJ02-02
CASSLLGGGTGQLYF	1	TCRBV29-01	TCRBJ02-02
	1	TCRBV10-01	TCRBJ02-02
	1	TCRBV24-01	TCRBJ02-02
GLTL*STNTGQLYF	1	TCRBV12-02	TCRBJ02-02
	1	TCRBV27-01	TCRBJ02-02
CASSLGGGADTQYF	1	TCRBV16-01	TCRBJ02-05
	1	TCRBV31-01	TCRBJ02-02
CASSLGDNQDTQYF	2	TCRBV12-01	TCRBJ02-05
	1	TCRBV29-01	TCRBJ01-06
IHLIALSQNTLYF	1	TCRBV27-01	TCRBJ02-04
R*GELSAETLYF	1	TCRBV27-01	TCRBJ02-03
CASSLT*NTLYF	1	TCRBV12-02	TCRBJ02-04
*P*GELSAETLYF	1	TCRBV27-01	TCRBJ02-03
CASSDMANTGQLYF	2	TCRBV13-03	TCRBJ02-02
	1	TCRBV21-01	TCRBJ02-02
	1	TCRBV02-01	TCRBJ02-05
CASSGDWSAETLYF	1	TCRBV13-03	TCRBJ02-03
CASSPKGLGEDTQYF	4	TCRBV14-01	TCRBJ02-05
	3	TCRBV04-01	TCRBJ02-05
CASGSGDYAEQFF	1	TCRBV13-02	TCRBJ02-01
	1	TCRBV15-01	TCRBJ02-01
	1	TCRBV13-02	TCRBJ02-02
GLGV*NCSNTGQLYF	1	TCRBV24-01	TCRBJ02-02
	1	TCRBV03-01	TCRBJ02-01
	1	TCRBV28-01	TCRBJ01-01
	2	TCRBV16-01	TCRBJ02-05
ARVCGK*PNTEVFF	1	TCRBV22-01	TCRBJ01-01
	1	TCRBV17-01	TCRBJ01-01
CASSRKGVQDTQYF	3	TCRBV17-01	TCRBJ02-05
CASSLGDNQGTQYF	1	TCRBV12-01	TCRBJ02-05
	2	TCRBV22-01	TCRBJ01-01
	1	TCRBV06-01	TCRBJ01-01
	1	TCRBV31-01	TCRBJ01-01
	1	TCRBV12-01	TCRBJ02-07
	1	TCRBV26-01	TCRBJ01-01
	2	TCRBV24-01	TCRBJ02-04
CASSLAGEDTEVFF	1	TCRBV12-01	TCRBJ01-01
	1	TCRBV11-01	TCRBJ01-01
	1	TCRBV05-01	TCRBJ02-07
	1	TCRBV27-01	TCRBJ02-04
	2	TCRBV16-01	TCRBJ02-05
ANTEVFF	1	TCRBV12-01	TCRBJ01-01
	2	TCRBV16-01	TCRBJ02-05
CASSPPGVYNNQAPLF	1	TCRBV02-01	TCRBJ01-05
CASSSDWGGRDEQYF	1	TCRBV12-01	TCRBJ02-07
	1	TCRBV15-01	TCRBJ02-05
	2	TCRBV13-02	TCRBJ01-01
CASSLQGQNTLYF	1	TCRBV12-01	TCRBJ02-04
	1	TCRBV19-01	TCRBJ02-02
YDTIGSAPNTGQLYF	1	TCRBV05-01	TCRBJ02-02
CASGTGDNQAPLF	1	TCRBV13-02	TCRBJ01-05
CATGTGGWEQYF	4	TCRBV13-02	TCRBJ02-07
	1	TCRBV27-01	TCRBJ01-03
CASGTGDNQAPLF	1	TCRBV13-02	TCRBJ01-05
CASSLLGGGTGQLYF	1	TCRBV29-01	TCRBJ02-02
	1	TCRBV13-02	TCRBJ02-02
CASGTGDNQAPLF	2	TCRBV13-02	TCRBJ01-05
	1	TCRBV03-01	TCRBJ01-05
	1	TCRBV16-01	TCRBJ02-05
CASSTGFNTEVFF	3	TCRBV14-01	TCRBJ01-01
	1	TCRBV13-02	TCRBJ02-01
	1	TCRBV27-01	TCRBJ02-04
Q*EV*DRSNTGQLYF	1	TCRBV24-01	TCRBJ02-02
ARPRWLDTNTEVFF	1	TCRBV05-01	TCRBJ01-01
CASGTGDNQAPLF	1	TCRBV13-02	TCRBJ01-05
CASS*GGWAEQFF	3	TCRBV04-01	TCRBJ02-01
CATGTGGWEQYF	2	TCRBV13-02	TCRBJ02-07
CASSPATTYEQYF	2	TCRBV14-01	TCRBJ02-07
CASSAPYEQYF	2	TCRBV13-01	TCRBJ02-07
CASSVGDYAEQFF	2	TCRBV13-01	TCRBJ02-01
	3	TCRBV04-01	TCRBJ02-05
	2	TCRBV12-01	TCRBJ01-06
QKTAYDTISNERLFF	2	TCRBV15-01	TCRBJ01-04
CASSLGGNQDTQYF	2	TCRBV16-01	TCRBJ02-05
	2	TCRBV13-01	TCRBJ02-07
CASSFRGNQDTQYF	2	TCRBV16-01	TCRBJ02-05
	2	TCRBV12-02	TCRBJ02-07
	2	TCRBV13-02	TCRBJ02-07
	3	TCRBV13-03	TCRBJ01-02
WATGTGGWEQYF	2	TCRBV13-02	TCRBJ02-07
CASSLGDYSGNTLYF	6	TCRBV03-01	TCRBJ01-03
CASGDRTGGYEQYF	1	TCRBV13-02	TCRBJ02-07
	1	TCRBV13-03	TCRBJ01-02
CASGGGNTLYF	1	TCRBV13-02	TCRBJ01-03
	1	TCRBV29-01	TCRBJ02-02
CASGDARVEQYF	2	TCRBV13-02	TCRBJ02-07
CASKGSSGNTLYF	1	TCRBV19-01	TCRBJ01-03
	1	TCRBV03-01	TCRBJ02-07
CAWSPGQISNERLFF	1	TCRBV31-01	TCRBJ01-04
CASSQGRAEQFF	1	TCRBV13-03	TCRBJ02-01
CASSQQRYEQYF	1	TCRBV05-01	TCRBJ02-07
CASSSGTDYEQYF	1	TCRBV14-01	TCRBJ02-07
CASGGGLGGTLYF	2	TCRBV13-02	TCRBJ02-03
	1	TCRBV15-01	TCRBJ01-07
LIGQSKLPNTGQLYF	1	TCRBV23-01	TCRBJ02-02
CASS*EGESYEQYF	1	TCRBV04-01	TCRBJ02-07
RLAIGRYSYNSPLYF	1	TCRBV27-01	TCRBJ01-06
	1	TCRBV05-01	TCRBJ01-04
	1	TCRBV13-01	TCRBJ02-02
	1	TCRBV22-01	TCRBJ02-02
RYP*GRTSQNTLYF	1	TCRBV15-01	TCRBJ02-04
	1	TCRBV15-01	TCRBJ02-06
TWYFE*PNTGQLYF	1	TCRBV12-01	TCRBJ02-02
	1	TCRBV29-01	TCRBJ02-02
CASSDPDTQYF	2	TCRBV13-01	TCRBJ02-05
CASSDALGDTQYF	1	TCRBV13-03	TCRBJ02-05
	1	TCRBV16-01	TCRBJ01-03
	1	TCRBV28-01	TCRBJ02-02
CASSDSYNNQAPLF	1	TCRBV13-01	TCRBJ01-05
MH*LALSQNTLYF	1	TCRBV27-01	TCRBJ02-04
CASSRDRANERLFF	1	TCRBV24-01	TCRBJ01-04
CASSRKGPQDTQYF	1	TCRBV17-01	TCRBJ02-05
CASSLGGGPDTQYF	1	TCRBV16-01	TCRBJ02-05
CASSLGGGQDTQYF	2	TCRBV16-01	TCRBJ02-05
DMKILEPNTGQLYF	1	TCRBV14-01	TCRBJ02-02
	1	TCRBV24-01	TCRBJ02-02
	1	TCRBV13-01	TCRBJ02-03
CGPGDAETLYF	1	TCRBV20-01	TCRBJ02-03
CASSDPGQLYF	3	TCRBV13-01	TCRBJ02-02
CASSLGGHLDTQYF	3	TCRBV16-01	TCRBJ02-05
	1	TCRBV03-01	TCRBJ02-02
	2	TCRBV04-01	TCRBJ02-05
LCQQSVGSSAETLYF	1	TCRBV26-01	TCRBJ02-03
	1	TCRBV20-01	TCRBJ02-02
	1	TCRBV05-01	TCRBJ02-02
	1	TCRBV05-01	TCRBJ02-02
CASSVDWGGSQNTLYF	1	TCRBV13-01	TCRBJ02-04
CASGTGGSEVFF	2	TCRBV13-02	TCRBJ01-01
CASSLTGRENTEVFF	1	TCRBV04-01	TCRBJ01-01
	1	TCRBV09-01	TCRBJ01-01
TRVL*VGANTEVFF	1	TCRBV26-01	TCRBJ01-01
	1	TCRBV15-01	TCRBJ01-06
	1	TCRBV17-01	TCRBJ01-01
	1	TCRBV04-01	TCRBJ01-01
EVRRF*VGANTEVFF	1	TCRBV26-01	TCRBJ01-01
	2	TCRBV12-01	TCRBJ01-01
GAQPLSANTEVFF	1	TCRBV11-01	TCRBJ01-01
	1	TCRBV29-01	TCRBJ01-01
	1	TCRBV03-01	TCRBJ01-02
	1	TCRBV16-01	TCRBJ02-05
	1	TCRBV04-01	TCRBJ01-01
	2	TCRBV16-01	TCRBJ02-05
	1	TCRBV13-02	TCRBJ01-03
	1	TCRBV29-01	TCRBJ01-01
	2	TCRBV16-01	TCRBJ02-05
CASSDPDTQYF	1	TCRBV13-01	TCRBJ02-05
	2	TCRBV16-01	TCRBJ02-05
CASSEGLQDTQYF	1	TCRBV04-01	TCRBJ02-05
CASGGGNTLYF	1	TCRBV13-02	TCRBJ01-03
	1	TCRBV13-03	TCRBJ01-02
	1	TCRBV13-02	TCRBJ02-03
CASSLQYEQYF	1	TCRBV03-01	TCRBJ02-07
	1	TCRBV03-01	TCRBJ02-04
ESHNSP*PNTEVFF	1	TCRBV03-01	TCRBJ01-01
	1	TCRBV03-01	TCRBJ02-04
	1	TCRBV29-01	TCRBJ01-01
CASGVTAYEQYF	1	TCRBV13-02	TCRBJ02-07
	2	TCRBV13-02	TCRBJ02-07
CASGEWD*DTLYF	2	TCRBV13-02	TCRBJ02-04
CASGAHDDQYF	2	TCRBV13-02	TCRBJ02-05
CASGTGGDGEQYF	1	TCRBV13-02	TCRBJ02-07
	1	TCRBV24-01	TCRBJ02-02
	1	TCRBV27-01	TCRBJ01-02
	1	TCRBV27-01	TCRBJ01-03
	1	TCRBV05-01	TCRBJ02-07
	1	TCRBV19-01	TCRBJ02-02
CASGTGERAEQFF	1	TCRBV13-02	TCRBJ02-01
CASSLGGHTGQLYF	1	TCRBV12-02	TCRBJ02-02
	1	TCRBV04-01	TCRBJ02-02
	1	TCRBV24-01	TCRBJ02-02
CASSSDNSPLYF	1	TCRBV14-01	TCRBJ01-06
ARTG*PALALTD	1	TCRBV15-01	TCRBJ02-06
CASSPGTGGAYAEQFF	1	TCRBV12-01	TCRBJ02-01
	1	TCRBV03-01	TCRBJ02-02
CASRGTGGNTLYF	1	TCRBV24-01	TCRBJ02-04
	1	TCRBV12-01	TCRBJ02-02
	1	TCRBV27-01	TCRBJ02-06
	2	TCRBV04-01	TCRBJ02-04
	1	TCRBV15-01	TCRBJ02-03
CASSGTGGSTGQLYF	1	TCRBV03-01	TCRBJ02-02
	1	TCRBV13-02	TCRBJ02-02
YGTALIEGTNTGQLYF	1	TCRBV28-01	TCRBJ02-02
CASSLGGGQDTQYF	1	TCRBV16-01	TCRBJ02-05
CASSGDWGNTQYF	1	TCRBV19-01	TCRBJ02-05
CASSETGFSEQFF	1	TCRBV12-01	TCRBJ02-01
CASSLSRTGANTGQLYF	1	TCRBV03-01	TCRBJ02-02
	1	TCRBV25-01	TCRBJ02-02
	1	TCRBV27-01	TCRBJ01-04
CASSSDPQ*HYVDTEVFF	1	TCRBV29-01	TCRBJ01-01
	1	TCRBV08-01	TCRBJ02-02
	1	TCRBV23-01	TCRBJ01-01
	1	TCRBV06-01	TCRBJ01-01
Q*ES*SEANTGQLYF	1	TCRBV11-01	TCRBJ02-02
	1	TCRBV17-01	TCRBJ01-01
	1	TCRBV19-01	TCRBJ01-01
	1	TCRBV08-01	TCRBJ02-02
	1	TCRBV14-01	TCRBJ01-01
	1	TCRBV12-03	TCRBJ01-01
GRGLGEGTNTEVFF	1	TCRBV18-01	TCRBJ01-01
	1	TCRBV13-02	TCRBJ02-07
	1	TCRBV22-01	TCRBJ01-01
CASGDAGEGVFF	1	TCRBV13-02	TCRBJ01-01
	1	TCRBV19-01	TCRBJ02-03
	1	TCRBV24-01	TCRBJ01-01
	1	TCRBV30-01	TCRBJ02-02
EFPGLSTANTEVFF	1	TCRBV21-01	TCRBJ01-01
	1	TCRBV13-02	TCRBJ02-07
CASSLRGIYGQYF	1	TCRBV12-02	TCRBJ02-07
	1	TCRBV12-02	TCRBJ02-02
CASSLGGNQDTQYF	1	TCRBV16-01	TCRBJ02-05
	1	TCRBV15-01	TCRBJ02-01
	1	TCRBV13-02	TCRBJ02-07
RDSCPERTNTEVFF	1	TCRBV06-01	TCRBJ01-01
ELRSRHPPNTGQLYF	1	TCRBV01-01	TCRBJ02-02
	1	TCRBV01-01	TCRBJ01-04
HCHNTWPSSDYTF	1	TCRBV27-01	TCRBJ01-02
	1	TCRBV12-01	TCRBJ02-01
	1	TCRBV13-02	TCRBJ02-07
	1	TCRBV03-01	TCRBJ02-02
	1	TCRBV27-01	TCRBJ02-01
	1	TCRBV14-01	TCRBJ02-05
CASGTGYEQYF	1	TCRBV13-02	TCRBJ02-07
	1	TCRBV04-01	TCRBJ02-04
YRRPLLSANTEVFF	1	TCRBV11-01	TCRBJ01-01
	1	TCRBV12-02	TCRBJ02-02
GMLPLEGTNTGQLYF	1	TCRBV16-01	TCRBJ02-02
	1	TCRBV12-02	TCRBJ02-02
CASGGDWGFYEQYF	1	TCRBV13-02	TCRBJ02-07
CASSTGNSDYTF	1	TCRBV13-01	TCRBJ01-02
CASSLDRENSDYTF	2	TCRBV03-01	TCRBJ01-02
	2	TCRBV16-01	TCRBJ02-05
	2	TCRBV13-02	TCRBJ02-02
	1	TCRBV13-03	TCRBJ02-07
	1	TCRBV19-01	TCRBJ02-07
CASSSRDWGYEQYF	1	TCRBV16-01	TCRBJ02-07
CASGGGTGASDYTF	1	TCRBV13-02	TCRBJ01-02
	1	TCRBV15-01	TCRBJ02-07
	1	TCRBV15-01	TCRBJ01-04
GL*DL**TSYEQYF	1	TCRBV15-01	TCRBJ02-07
	1	TCRBV27-01	TCRBJ01-02
CASGGEDYAEQFF	1	TCRBV13-02	TCRBJ02-01
	1	TCRBV10-01	TCRBJ02-02
	1	TCRBV27-01	TCRBJ01-05
RNDQSKLPNTGQLYF	1	TCRBV23-01	TCRBJ02-02
	1	TCRBV15-01	TCRBJ02-01
	1	TCRBV18-01	TCRBJ02-02
	1	TCRBV12-01	TCRBJ02-03
	1	TCRBV21-01	TCRBJ02-02
VGSAGTNTGQLYF	1	TCRBV07-01	TCRBJ02-02
CASSPGQSAETLYF	1	TCRBV12-01	TCRBJ02-03
CASSDQINSPLYF	1	TCRBV13-01	TCRBJ01-06
	1	TCRBV13-02	TCRBJ02-02
CASSLGTGGAETLYF	1	TCRBV12-01	TCRBJ02-03
	1	TCRBV14-01	TCRBJ02-02
	1	TCRBV09-01	TCRBJ01-01
PISNTEVFF	1	TCRBV27-01	TCRBJ01-01
	1	TCRBV21-01	TCRBJ01-01
	1	TCRBV09-01	TCRBJ01-01
CASSFYPLYF	1	TCRBV03-01	TCRBJ02-03
	1	TCRBV02-01	TCRBJ01-01
CASGDPTGTNTEVFF	1	TCRBV13-02	TCRBJ01-01
	1	TCRBV18-01	TCRBJ01-01
	1	TCRBV01-01	TCRBJ01-01
	1	TCRBV27-01	TCRBJ01-01
	1	TCRBV02-01	TCRBJ01-01
	1	TCRBV06-01	TCRBJ01-01
CASSIGQEVFF	1	TCRBV19-01	TCRBJ01-01
PGGFLGTTNTEVFF	1	TCRBV04-01	TCRBJ01-01
	1	TCRBV23-01	TCRBJ01-01
WRLLFLFSNERLFF	1	TCRBV27-01	TCRBJ01-04
	1	TCRBV20-01	TCRBJ01-01
WLHGDSPNTEVFF	1	TCRBV08-01	TCRBJ01-01
	1	TCRBV18-01	TCRBJ02-02
CASGVTAYEQYF	1	TCRBV13-02	TCRBJ02-07
	1	TCRBV19-01	TCRBJ02-01
	1	TCRBV28-01	TCRBJ01-01
	1	TCRBV19-01	TCRBJ02-07
	1	TCRBV12-01	TCRBJ02-02
WASSGGGEQYF	1	TCRBV13-02	TCRBJ02-07
FPTLSSSSNGRRNTLYF	1	TCRBV27-01	TCRBJ01-03
	1	TCRBV16-01	TCRBJ02-05
CASGDGGPRLFF	1	TCRBV13-02	TCRBJ01-04
	1	TCRBV16-01	TCRBJ02-02
*RPGLSTANTEVFF	1	TCRBV21-01	TCRBJ01-01
CASGGGGEQYF	1	TCRBV13-02	TCRBJ02-07
CASSIRLGGDEQYF	1	TCRBV19-01	TCRBJ02-07
